RANK,FULL NAME,TEAM,POS,AGE,GP,MPG,MIN%,USG%,TO%,FTA,FT%,2PA,2P%,3PA,3P%,eFG%,TS%,PPG,RPG,TRB%,APG,AST%,SPG,BPG,TOPG,VIVersatility ,ORTG,DRTG
,Precious Achiuwa,Tor,F,22.15,13,24.1,50.3,19.2,10.6,26,0.538,99,0.374,16,0.188,0.361,0.384,7.5,8.7,19.6,1.5,8.7,0.69,0.77,1.15,7.6,89.2,96.8
,Steven Adams,Mem,C,28.32,11,25.3,52.8,14.1,17,23,0.783,68,0.544,0,0,0.544,0.589,8.4,8.6,18.1,2.6,14.4,0.64,0.64,1.45,9.1,125,110.9
,Bam Adebayo,Mia,C-F,24.32,11,32.7,68.2,26.9,15.6,76,0.829,156,0.513,0,0,0.513,0.589,20.3,11.5,19,2.3,11.4,1.45,0.45,3.18,9.9,110.8,92.9
,Santi Aldama,Mem,F-C,20.84,3,7.1,14.9,26,0,3,0.667,6,0.5,6,0.167,0.375,0.413,3.7,1.7,12.4,0,0,0,0,0,0,97.8,105
,LaMarcus Aldridge,Bro,C-F,36.32,11,20.2,42,23.3,6.9,22,0.727,86,0.64,13,0.462,0.646,0.662,13.1,5.5,14,0.8,7.5,0.27,1.18,0.73,7.6,126.4,96.2
,Nickeil Alexander-Walker,Nor,G,23.2,12,32.2,67,23.6,7.8,22,0.818,94,0.468,97,0.268,0.435,0.458,15.3,4.9,8,2.8,14.7,1.25,0.58,1.42,7.4,98,111.7
,Grayson Allen,Mil,G,26.1,12,29.3,61.1,18.5,4.6,20,0.95,32,0.531,105,0.419,0.606,0.634,15.4,3.9,6.9,1.6,8.3,0.83,0.42,0.58,6.3,127.6,106.3
,Jarrett Allen,Cle,C,23.56,12,33,68.6,16.7,14.5,48,0.583,106,0.689,3,0.333,0.683,0.68,14.8,11.5,18.7,1.8,8.8,1.33,1,1.83,8.2,127.2,100.5
,Jose Alvarado,Nor,G,23.59,2,3.5,7.2,24.3,0,0,0,2,0.5,2,0.5,0.625,0.625,2.5,0,0,0.5,29.5,0.5,0,0,0,,
,Kyle Anderson,Mem,F-G,28.15,11,22.8,47.4,17.3,9.6,13,0.692,62,0.403,26,0.423,0.472,0.491,8.4,5.9,13.8,2.7,16.9,0.91,0.55,0.91,9,109.6,107.9
,Giannis Antetokounmpo,Mil,F,26.93,12,32.9,68.5,33.9,11.5,109,0.688,174,0.563,56,0.286,0.53,0.574,26.6,11.8,18.6,6,34.1,1.08,1.75,3,15,116.4,97.2
,Thanasis Antetokounmpo,Mil,F,29.32,11,16.3,34,14,15.3,11,0.636,42,0.5,3,0,0.467,0.492,4.5,4.3,13.5,1.2,10.2,0.82,0.09,0.82,7,105.6,95.7
,Carmelo Anthony,Lal,F,37.46,12,29.2,60.9,20.1,5.9,25,0.8,68,0.485,80,0.5,0.628,0.648,17.2,3.8,6.8,1,5.2,0.75,0.92,0.83,5.5,123.6,105.5
,Cole Anthony,Orl,G,21.49,12,33.9,70.6,25,14.4,40,0.85,92,0.489,92,0.391,0.538,0.575,19.3,7.2,11.2,4.9,26,1.25,0.25,2.83,10.4,109.4,103.6
,OG Anunoby,Tor,F,24.32,13,37,77.2,23.7,7.8,32,0.844,139,0.468,94,0.351,0.491,0.518,19.7,5.7,8.4,3,13,1.46,0.62,1.62,7.5,110.5,103.6
,D.J. Augustin,Hou,G,34.01,10,11.8,24.5,14.9,21.4,9,1,7,0.286,22,0.5,0.638,0.698,4.6,0.4,1.8,1.6,20.4,0.1,0,0.9,4.9,120.6,110.7
,Deni Avdija,Was,F,20.86,11,21.4,44.5,12.1,12.4,22,0.545,26,0.5,21,0.286,0.468,0.494,5.1,5.1,12.6,1.4,8.6,0.55,0.91,0.73,6.2,106.1,97.2
,Joel Ayayi,Was,G,21.69,1,3.5,7.3,0,,0,0,0,0,0,0,,,0,0,0,0,0,0,0,0,0,,
,Deandre Ayton,Pho,C,23.31,6,29.1,60.6,19.4,10.2,13,0.615,61,0.607,4,0.25,0.592,0.601,14.2,11.3,20.8,1.2,6,1.33,0.67,1.33,7.9,118.2,97.4
,Udoka Azubuike,Uta,C-F,22.15,2,0.9,1.9,0,,0,0,0,0,0,0,,,0,0,0,0,0,0,0,0,0,,
,Marvin Bagley III,Sac,F,22.67,1,10.5,21.9,12.2,33.3,0,0,2,0.5,0,0,0.5,0.5,2,4,20.1,0,0,0,0,1,0,61.6,98.9
,LaMelo Ball,Cha,G,20.23,13,31.4,65.5,27.1,12.7,30,0.933,128,0.461,93,0.398,0.518,0.549,19.8,6.8,11.2,7.1,35.5,1.77,0.38,2.62,12.5,112.5,103.9
,Lonzo Ball,Chi,G,24.04,11,34.8,72.5,17.2,17.4,6,0.833,45,0.356,76,0.447,0.554,0.562,12.6,5.5,8.4,4.5,17.8,1.64,0.82,2.36,7.8,105.6,100.5
,Mo Bamba,Orl,C,23.5,12,30.9,64.3,15.8,14.8,24,0.708,58,0.569,47,0.404,0.586,0.606,11.7,8.8,15.2,1.8,9.6,0.92,2.17,1.67,7.4,115.9,102.1
,Desmond Bane,Mem,G,23.38,11,29.3,61.1,21.5,10.3,13,0.923,63,0.571,80,0.338,0.535,0.555,15,3.4,6.1,2.2,11.3,0.82,0.18,1.55,6.6,108.3,111
,Dalano Banton,Tor,F,22.01,13,12.5,26,17.4,16.6,14,0.643,40,0.575,9,0.333,0.561,0.58,4.9,2.4,10.4,1.3,15.7,0.62,0.38,0.85,7.9,110.4,97.3
,Harrison Barnes,Sac,F,29.45,12,36.7,76.4,21.1,11,83,0.867,84,0.548,73,0.425,0.589,0.664,21.4,8.6,12.3,2.6,10.4,1.08,0.08,2,8.5,128.4,109.2
,Scottie Barnes,Tor,F,20.28,11,34.9,72.7,20.7,12.9,33,0.758,138,0.551,10,0.2,0.534,0.563,16.6,8.5,13.3,2.7,12.5,1,0.73,2.18,8.3,113.7,102.2
,RJ Barrett,Nyk,F-G,21.41,12,34.1,71.1,23.3,12,39,0.718,102,0.49,72,0.347,0.503,0.531,16.9,5.7,8.8,2.5,11.5,0.42,0.33,2.17,7.3,102.6,107.6
,Will Barton,Den,G,30.85,11,33.3,69.4,21.8,10.5,15,0.733,88,0.534,67,0.433,0.584,0.594,17.5,4.6,7.6,4.4,20.9,1.36,0.64,1.73,8.5,115.2,102.5
,Charles Bassey,Phi,C-F,21.04,4,2.9,5.9,19.8,0,0,0,3,0.667,2,0,0.4,0.4,1,0.8,14.4,0,0,0,0.5,0,0,,
,Keita Bates-Diop,San,F,25.8,9,13.8,28.7,11.9,14.4,4,1,21,0.571,7,0.143,0.482,0.521,3.4,3.1,11.9,0.2,2,0.44,0.56,0.56,3.7,97.8,104.3
,Nicolas Batum,Lac,G-F,32.91,10,28.8,59.9,13.2,6.8,7,0.429,19,0.737,60,0.467,0.709,0.701,11.5,6.3,11.3,1.6,8.1,1.3,0.9,0.6,6.8,131.8,100.3
,Kent Bazemore,Lal,G-F,32.37,12,25.1,52.2,10.7,9.1,12,0.75,29,0.379,36,0.333,0.446,0.477,5.6,2.3,4.7,1.1,5.4,1.08,0.17,0.58,3.9,97.2,100.9
,Darius Bazley,Okc,F-G,21.42,10,27.9,58.2,20.5,15.6,28,0.643,57,0.526,44,0.273,0.475,0.503,11.4,6.8,12.1,1.6,9.5,0.9,0.8,2.1,7.1,93.6,104.8
,Bradley Beal,Was,G,28.38,10,36,75,33.5,14.6,40,0.975,152,0.474,64,0.25,0.444,0.494,23.1,5.5,8.1,5.6,27.1,1.2,0.5,4,9.9,96.2,102
,Malik Beasley,Min,G,24.96,10,25.6,53.4,17.6,6.4,4,0.5,29,0.379,72,0.319,0.45,0.453,9.3,2.5,5,1.8,10.8,0.8,0.2,0.7,5.4,98.9,115.2
,DeAndre' Bembry,Bro,G-F,27.36,11,14.6,30.4,13.3,16.6,7,0.857,27,0.556,10,0.7,0.689,0.711,5.2,2,7.1,0.9,9.2,1,0.27,0.73,5.8,120.9,90.2
,Davis Bertans,Was,F,29,7,16.9,35.2,16.4,6.8,7,1,8,0.375,30,0.333,0.474,0.523,6.1,1.7,5.4,0.6,4.8,0.14,0,0.43,4.4,104.5,100.6
,Patrick Beverley,Min,G,33.33,8,26.2,54.6,12.7,17,6,0.667,25,0.52,26,0.385,0.549,0.559,7.5,4.6,9,5.3,29.8,0.63,1,1.38,8.7,122.9,100.3
,Saddiq Bey,Det,F,22.59,10,33.1,68.9,20.1,7.6,16,0.688,77,0.468,61,0.279,0.446,0.462,13.4,7,11.4,3,15.8,1.1,0.3,1.2,7.9,102.6,108.9
,Khem Birch,Tor,C,29.12,10,23.8,49.5,12.1,13.4,21,0.81,44,0.523,5,0,0.469,0.541,6.3,5.9,13.5,1.5,8.7,0.8,0.3,0.9,6.4,123.6,105
,Goga Bitadze,Ind,C-F,22.32,9,6.9,14.4,20,13.9,4,1,11,0.455,12,0.25,0.413,0.464,2.6,2.2,17.6,0.2,4.5,0.78,0.22,0.44,6.1,101.5,75.5
,Nemanja Bjelica,Gol,F,33.51,11,15.5,32.3,18,16.7,11,0.818,32,0.563,23,0.522,0.655,0.677,7.4,4.7,16.2,1.6,15.3,0.91,0.27,1.09,9.9,123.8,91.7
,Eric Bledsoe,Lac,G,31.93,11,28.1,58.6,19.7,17.7,26,0.808,66,0.47,39,0.205,0.41,0.459,9.7,3.6,6.7,4.1,20.6,1.73,0.82,2.27,7.4,93.8,99.1
,Bojan Bogdanovic,Uta,F,32.57,12,30.7,64,22,8.5,51,0.922,88,0.5,62,0.323,0.493,0.565,16.3,4.1,7.2,1.3,6.7,0.5,0,1.33,5.8,115.1,107
,Bogdan Bogdanovic,Atl,G,29.23,11,29.7,61.8,17.2,10,8,1,55,0.509,59,0.407,0.561,0.579,12.4,4,7.2,2.2,10.8,0.73,0.18,1.18,6.4,113.2,108.4
,Bol Bol,Den,C-F,21.99,2,5.1,10.6,26,0,0,0,5,0.6,1,0,0.5,0.5,3,1.5,16.1,0.5,18.2,0.5,0,0,10.3,106,75.4
,Leandro Bolmaro,Min,F,21.17,3,3,6.3,26.6,34,2,1,1,0,2,0,0,0.258,0.7,0.7,11.2,0,0,0,0,0.67,0,,
,Isaac Bonga,Tor,G,22.01,3,2.2,4.7,6.4,0,0,0,1,1,0,0,1,1,0.7,0.7,16.2,0.7,44,0.33,0,0,12.7,,
,Devin Booker,Pho,G,25.03,10,33.5,69.9,31.2,13.2,43,0.814,128,0.477,64,0.359,0.497,0.536,22.6,6.3,10,5.3,24.7,1.1,0.3,3.2,10.9,103.8,102.6
,Brandon Boston Jr.,Lac,G,19.96,4,3.3,6.9,16,0,2,0.5,4,0.25,0,0,0.25,0.307,0.8,0.3,3.9,0.3,10,0.25,0,0,5,,
,Chris Boucher,Tor,F-C,28.84,13,13.6,28.4,21.5,10,15,0.733,38,0.553,36,0.194,0.426,0.459,5.7,3.6,14.4,0.2,1.7,0.69,0.85,0.69,4.7,96.6,98.1
,James Bouknight,Cha,G,21.15,5,1.6,3.3,25.8,0,0,0,4,0,1,0,0,0,0,0.4,12.9,0,0,0,0,0,0,,
,Avery Bradley,Lal,G,30.96,11,22.4,46.8,11.3,9,0,0,28,0.464,33,0.424,0.557,0.557,6.2,1.9,4.4,0.8,4.8,0.55,0.18,0.55,3.8,108.3,106.9
,Tony Bradley,Chi,C-F,23.84,8,10,20.9,11,10,0,0,18,0.5,0,0,0.5,0.5,2.3,3.8,20.1,0.4,5.1,0,1,0.25,6.1,129.8,95.2
,Ignas Brazdeikis,Orl,F,22.84,7,7.6,15.9,17,14.3,0,0,7,0.429,11,0.182,0.333,0.333,1.7,1.3,8.9,0.6,11.3,0.14,0,0.43,5.8,73.7,103.3
,Miles Bridges,Cha,F,23.65,13,36.2,75.4,24,8,59,0.78,130,0.508,96,0.344,0.511,0.55,21.3,7.5,10.8,3.5,14.5,1.69,0.85,1.69,9.1,112.4,108.3
,Mikal Bridges,Pho,F,25.2,10,33.4,69.6,15.9,6.5,12,0.75,72,0.653,38,0.395,0.632,0.642,14.8,3.3,5.3,1.7,7.2,0.7,0.9,0.8,5.2,122.7,106.6
,Oshae Brissett,Ind,F-G,23.4,8,12.8,26.6,16.6,17.9,5,0.2,16,0.563,14,0.286,0.5,0.481,3.9,2.4,10.2,0.4,4.1,0.25,0.13,0.88,4.9,84.7,103.7
,Malcolm Brogdon,Ind,G,28.92,8,36.6,76.3,28.3,12,41,0.927,105,0.533,46,0.283,0.5,0.559,23.6,6.9,10.3,6.4,28.3,0.88,0.88,2.88,11.1,114.1,107
,Armoni Brooks,Hou,G,23.44,8,8.1,16.8,19.6,0,3,1,6,0.667,23,0.261,0.448,0.478,3.6,0.8,4.9,0.4,7.5,0.38,0,0,5.2,107.4,101
,Dillon Brooks,Mem,G-F,25.81,1,26.1,54.4,30.5,10.5,0,0,10,0.4,7,0.571,0.588,0.588,20,4,8.1,6,42.1,2,0,2,12,118.1,98.1
,Greg Brown III,Por,F,20.2,6,5,10.4,28.8,9.9,5,0.4,12,0.5,4,0,0.375,0.385,2.3,2,21.2,0.7,20.3,0.17,0.33,0.33,11.8,92.4,95.7
,Troy Brown Jr.,Chi,G-F,22.29,8,8.9,18.4,16.1,3.9,2,0.5,13,0.462,11,0.364,0.5,0.502,3.1,1.1,6.8,0.3,4,0.13,0,0.13,4.5,104.5,99.9
,Bruce Brown,Bro,G-F,25.24,11,26,54.2,14.7,9.5,4,0.75,66,0.5,18,0.278,0.482,0.49,7.6,3.4,6.7,0.7,4.1,1.27,0.73,0.82,4,93.8,99.7
,Jaylen Brown,Bos,G-F,25.05,8,36.5,76,28.9,11.9,41,0.78,94,0.553,58,0.397,0.569,0.603,25.6,6.1,9,2.5,12.8,1.25,0.5,2.88,8,109.1,100.5
,Moses Brown,Dal,C,22.08,6,2.9,6.1,11.6,0,6,0.333,2,1,0,0,1,0.647,1,0.8,14.8,0,0,0,0.33,0,0,,
,Sterling Brown,Dal,G-F,26.75,9,12,25,15.4,18.5,2,1,7,0.429,23,0.174,0.3,0.324,2.2,3.2,14,0.7,7.7,0.22,0.11,0.78,5.7,69.3,96.5
,Jalen Brunson,Dal,G,25.2,11,28.7,59.7,21.7,10.3,34,0.765,90,0.556,35,0.343,0.544,0.579,14.7,5,9.1,4.7,28,0.73,0.09,1.45,9.8,119,104.2
,Reggie Bullock,Dal,G-F,30.66,11,20.6,42.9,14.8,6.6,5,0.6,17,0.588,52,0.327,0.514,0.52,6.7,2.5,6.2,0.6,4.6,0.09,0.09,0.45,4.2,102.5,106.9
,Trey Burke,Dal,G,29,4,7.7,16,25.4,22.5,4,1,7,0.429,5,0.4,0.5,0.581,4,0.5,3.4,1,20.9,0.5,0,1,6.5,99.5,110.8
,Alec Burks,Nyk,G,30.32,12,19,39.7,17,5.6,20,0.75,29,0.379,46,0.413,0.527,0.561,7.8,2.8,7.9,1.6,12.1,0.75,0.42,0.42,6.9,118.1,105.2
,Jared Butler,Uta,G,21.21,10,4.6,9.6,24.9,22.4,4,0.5,8,0.375,11,0.182,0.316,0.337,1.4,0.6,7,0.6,18.2,0,0.5,0.6,6.9,67.1,89.9
,Jimmy Butler,Mia,F,32.16,11,33,68.8,27.2,9.2,93,0.849,150,0.553,17,0.294,0.542,0.625,23.6,5.5,8.9,5.1,26.3,2.09,0.36,1.91,10.6,129.7,99.6
,Kentavious Caldwell-Pope,Was,G,28.73,11,30.3,63.1,13.7,9.6,9,0.778,38,0.447,52,0.365,0.506,0.521,8.9,3.8,6.7,1.5,7.2,1.36,0.36,0.91,4.9,102.9,101.3
,Facundo Campazzo,Den,G,30.64,11,15.1,31.5,11.3,18.8,8,0.75,12,0.583,19,0.263,0.468,0.507,3.2,1.9,6.9,1.6,14.2,0.73,0.27,0.73,5.7,102,95.2
,Clint Capela,Atl,C,27.49,12,28.5,59.4,14.5,4.3,33,0.576,96,0.521,0,0,0.521,0.538,9.9,11,20.7,1,5.1,0.67,1.25,0.42,6.7,124.6,103.3
,Vernon Carey Jr.,Cha,F-C,20.71,1,0.8,1.7,51.6,0,0,0,1,0,0,0,0,0,0,1,64.7,0,0,0,0,0,0,,
,Wendell Carter Jr.,Orl,C-F,22.58,12,28.3,59,19.5,11.7,24,0.667,80,0.563,45,0.4,0.576,0.59,13.3,10.2,19,2.4,14.9,0.5,0.75,1.5,9.7,117.5,100.9
,Jevon Carter,Bro,G,26.16,12,14.5,30.3,10.9,9.3,2,1,14,0.214,24,0.25,0.316,0.334,2.2,1.8,6.2,1.3,12,0.5,0.42,0.33,4.8,82.5,99.9
,Alex Caruso,Chi,G,27.7,11,27.5,57.2,13.9,21.9,22,0.864,38,0.553,27,0.407,0.577,0.629,8.5,2.5,4.8,3.6,17.8,2.64,0.36,1.91,6.2,113.1,96.2
,Willie Cauley-Stein,Dal,C,28.24,11,10,20.8,8.4,9.5,0,0,18,0.444,1,0,0.421,0.421,1.5,2.4,12.3,0.5,6.4,0.27,0,0.18,4.9,105.7,104.8
,Justin Champagnie,Tor,G-F,20.37,5,3.3,6.9,10,0,2,1,3,0,0,0,0,0.258,0.4,1.4,22.9,0.2,7.3,0,0,0,5.8,,
,Chris Chiozza,Gol,G,25.98,4,6.9,14.4,17,27.3,0,0,1,0,7,0.286,0.375,0.375,1.5,1,7.7,0.8,13.7,0.5,0,0.75,6.2,73.9,95.2
,Josh Christopher,Hou,G,19.93,7,7.3,15.2,19.5,16.8,2,1,14,0.429,5,0.2,0.395,0.428,2.4,1,7.3,0.9,18.3,0.57,0,0.57,7.1,88.3,105
,Brandon Clarke,Mem,F,25.15,8,14.1,29.3,18.7,4,12,0.583,37,0.568,6,0,0.488,0.507,6.1,3.8,14.1,0.9,9.3,0.38,0.5,0.25,7.8,118.1,106.9
,Jordan Clarkson,Uta,G,29.43,12,25.1,52.3,29.8,9.6,26,0.885,66,0.53,111,0.234,0.418,0.454,14.3,2.7,5.7,1.7,10.7,0.75,0.33,1.67,6.4,93.1,103.4
,Nic Claxton,Bro,F-C,22.57,4,18.9,39.4,15.8,11.1,9,0.444,20,0.55,0,0,0.55,0.543,6.5,5.5,15.1,0.8,5.9,0,1,0.75,6.5,104,98.7
,Amir Coffey,Lac,G-F,24.41,7,6.9,14.3,16.2,5.5,7,1,4,0.25,10,0.2,0.286,0.439,2.1,1,7.5,0.3,5.4,0,0,0.14,5,98.1,100.5
,John Collins,Atl,F-C,24.14,12,31.1,64.8,17.7,9.7,28,0.821,94,0.628,33,0.455,0.642,0.668,15.5,8.5,14.6,2.3,11.7,0.75,0.75,1.25,8.6,131.6,105.3
,Mike Conley,Uta,G,34.09,10,28.9,60.2,19.9,12.7,17,0.882,44,0.545,65,0.431,0.606,0.631,14.7,2,3.7,5.2,28,1.5,0.3,1.7,7.4,126.3,101.3
,Pat Connaughton,Mil,G,28.85,12,29.2,60.9,14.6,9.1,6,0.667,30,0.667,77,0.377,0.593,0.597,10.9,5,8.8,1.8,9.2,0.83,0.25,0.92,6.3,118.4,106.7
,Sharife Cooper,Atl,G,20.42,2,3.4,7,25.6,25,0,0,1,0,2,0,0,0,0,0,0,1,35.5,0,0,0.5,0,,
,Petr Cornelie,Den,F,26.3,1,2.7,5.6,0,,0,0,0,0,0,0,,,0,0,0,0,0,0,0,0,0,,
,Robert Covington,Por,F,30.91,12,29,60.4,9.6,14,1,1,10,0.6,57,0.404,0.604,0.608,6.8,4.9,9,1,4.5,1.17,0.75,0.92,4.4,109.8,105.1
,Torrey Craig,Ind,F,30.9,13,18.6,38.7,13.9,14.2,13,0.846,30,0.633,31,0.323,0.557,0.592,6.1,3.6,10.7,1.1,7.9,0.46,0.31,0.85,6.2,119.8,102.9
,Jae Crowder,Pho,F,31.35,10,29.7,61.8,13.4,7.6,9,0.889,28,0.536,53,0.302,0.481,0.506,8.6,5.4,9.7,1.8,7.7,1.4,0.5,0.7,5.9,104.6,102.9
,Jarrett Culver,Mem,G-F,22.73,2,7.8,16.3,18.1,0,4,0.75,3,0.667,2,0,0.4,0.518,3.5,1.5,10.2,1,17.7,0,0,0,8.9,130.1,121.1
,Cade Cunningham,Det,G,20.13,5,28.1,58.6,29.3,17.5,14,0.929,38,0.342,36,0.222,0.338,0.393,12.6,5.4,10.4,2.8,17,0.8,0.4,3.4,8.2,78.2,104.2
,Seth Curry,Phi,G,31.22,12,33.6,70,18.2,12.3,24,0.917,69,0.638,63,0.476,0.674,0.701,16.7,3.3,5.3,2.3,10.4,0.58,0.17,1.67,6,125.3,112.9
,Stephen Curry,Gol,G,33.66,11,33.7,70.1,32.1,12.5,59,0.949,77,0.519,141,0.39,0.562,0.617,27.4,6.5,10.1,6.5,32,1.55,0.55,3.18,12.5,119.2,98.2
,Anthony Davis,Lal,F-C,28.67,12,34.9,72.7,29.3,9.9,69,0.739,208,0.538,26,0.154,0.504,0.543,23.9,11.3,16.7,2.8,13.7,1,2.25,2.42,10.4,111.1,103.1
,Ed Davis,Cle,C-F,32.44,2,1.6,3.2,0,,0,0,0,0,0,0,,,0,0.5,17.3,0,0,0,0,0,0,,
,Terence Davis,Sac,G,24.49,9,12.9,26.8,19.9,7.4,0,0,20,0.4,30,0.233,0.37,0.37,4.1,1.4,5.9,0.8,8.4,0.44,0,0.44,5.2,78.1,100.4
,Gabriel Deck,Okc,F,26.76,4,5.4,11.1,17.7,11.3,2,1,5,0.6,2,0.5,0.643,0.698,2.8,0.8,7,0.3,8.3,0.25,0,0.25,6.5,129.7,111.2
,Dewayne Dedmon,Mia,C,32.25,12,13.4,28,16.7,14.4,19,0.789,43,0.558,2,1,0.6,0.647,5.8,5.2,20.7,0.3,3.7,0.33,0.25,0.75,6.2,124.7,86.7
,Sam Dekker,Tor,F,27.52,1,0.9,1.9,0,,0,0,0,0,0,0,,,0,0,0,0,0,0,0,0,0,,
,DeMar DeRozan,Chi,G-F,32.27,11,35,73,30.4,7.1,83,0.855,185,0.508,26,0.346,0.509,0.578,26,5.8,8.9,3.8,18.7,0.91,0.45,1.73,9.5,117.9,101.9
,Hamidou Diallo,Det,G,23.29,6,12.8,26.7,17,16.3,4,1,16,0.5,8,0.25,0.458,0.505,4.3,1.8,7.7,0.7,8.6,0.5,0.17,0.83,5.5,95,103.8
,Gorgui Dieng,Atl,C,31.82,12,10.5,21.9,13.7,17.3,10,0.6,15,0.4,14,0.286,0.414,0.449,2.5,4.9,25,1,12.5,0.33,0.33,0.58,8.8,107.4,95.2
,Spencer Dinwiddie,Was,G,28.6,10,29.4,61.2,23.9,10.7,28,0.964,78,0.449,52,0.365,0.488,0.541,15.4,5,9,5.7,30.5,0.3,0.2,1.7,10.3,114.1,101.4
,Luka Doncic,Dal,F-G,22.7,11,34.4,71.6,35.7,15.6,61,0.705,149,0.517,84,0.286,0.485,0.518,24.5,8,12.1,7,39.3,1.18,0.64,4.36,12.9,100.8,102.2
,Luguentz Dort,Okc,G,22.57,9,32.8,68.3,20.2,12.2,38,0.895,50,0.54,56,0.232,0.439,0.517,14.1,4.1,6.2,2,9.9,0.78,0.22,1.89,5.9,101.3,103.7
,Ayo Dosunmu,Chi,G,21.82,10,14.1,29.3,19.4,11.3,5,0.6,36,0.417,17,0.412,0.481,0.489,5.4,2.1,8,0.8,8.2,0.2,0.2,0.7,5.9,96.3,102.5
,Sekou Doumbouya,Lal,F,20.89,1,8.1,16.9,30.4,17,2,0.5,3,1,1,1,1.125,1.025,10,4,25.6,0,0,2,1,1,0,127.4,78.9
,Jeff Dowtin,Gol,G,24.51,2,2.9,5.9,7.5,0,0,0,1,0,0,0,0,0,0,1,18.6,0,0,0,0,0,0,,
,P.J. Dozier,Den,G-F,25.05,11,19.2,40,14.5,10.1,7,0.714,30,0.467,29,0.241,0.415,0.435,4.9,3.2,9.1,1.6,11.6,0.91,0.27,0.64,6.1,96,94.7
,Goran Dragic,Tor,G,35.52,4,15.4,32.1,18.3,3.8,8,1,13,0.385,9,0.222,0.364,0.47,6,2.5,8.8,1.5,13.7,0.5,0.25,0.25,7.3,112.5,100.2
,Andre Drummond,Phi,C,28.26,12,21.7,45.2,18.5,20.6,27,0.667,72,0.486,1,0,0.479,0.518,7.3,11.2,28.1,2.4,15.6,1.25,1.17,1.83,10.7,113.4,91.6
,Chris Duarte,Ind,G,24.42,13,32.6,67.9,20.9,10.8,17,0.765,100,0.45,75,0.4,0.514,0.529,14.8,4.4,7.4,2.1,9.5,0.85,0.08,1.69,6.3,101.9,107.1
,Kevin Durant,Bro,F,33.12,12,34.5,71.8,32.7,14.1,76,0.829,171,0.649,57,0.404,0.638,0.677,29.5,8.4,12.7,5,29.5,0.58,0.67,3.58,12.5,120.2,101.3
,Anthony Edwards,Min,G,20.27,10,36.7,76.5,30.8,12,43,0.767,124,0.5,99,0.343,0.507,0.535,25.9,6.2,8.6,3.5,18.3,1.6,0.5,3.3,9,104.9,108.9
,CJ Elleby,Por,F-G,21.41,6,5.3,11,17.5,23.1,0,0,5,0.4,5,0.2,0.35,0.35,1.2,1.2,11.7,0.2,4.1,0,0,0.5,5,58.6,103.7
,Wayne Ellington,Lal,G,33.95,4,19.8,41.1,13.2,4,2,1,2,0.5,21,0.429,0.63,0.649,7.8,2,5.3,0.8,5.1,0,0,0.25,4.7,130.5,110.8
,Joel Embiid,Phi,C-F,27.66,9,30.9,64.3,32.3,13.6,77,0.779,105,0.448,33,0.394,0.482,0.561,21.4,9.4,16.7,4,20.5,0.89,1.44,3,12,110.6,102.6
,Drew Eubanks,San,F-C,24.78,11,15.1,31.4,18.9,21.7,27,0.741,44,0.591,2,0,0.565,0.622,6.5,4.7,16.6,1.4,12.1,0.55,1.18,1.45,9.3,110.5,97.2
,Tacko Fall,Cle,C,25.92,3,1,2.2,28,50,0,0,1,0,0,0,0,0,0,0.7,34.6,0,0,0,0,0.33,0,,
,Derrick Favors,Okc,F,30.33,9,18,37.5,14.9,7.1,8,0.75,47,0.532,2,0.5,0.541,0.562,6.6,5.9,16.3,0.6,5.2,0.56,0.11,0.44,6.4,121,98.4
,Bruno Fernando,Bos,F-C,23.24,3,2,4.2,14.6,100,0,0,0,0,0,0,,,0,0,0,0.3,21,0,0.33,0.67,0,,
,Dorian Finney-Smith,Dal,F,28.53,11,31.2,65,14,13.7,14,0.643,34,0.471,54,0.259,0.42,0.441,7.5,4.9,8.2,1.2,5.4,1.45,0.73,1.36,4.5,94.6,102
,Malik Fitts,Uta,F,20,3,2.3,4.9,0,,0,0,0,0,0,0,,,0,0.7,15.4,0,0,0,0,0,0,,
,Malachi Flynn,Tor,G,23.51,7,4.9,10.2,11.1,0,0,0,5,0.2,4,0.5,0.444,0.444,1.1,0.6,6.3,0.7,19.6,0.57,0,0,6.3,119.3,93.6
,Bryn Forbes,San,G,28.31,11,12,25,20.5,11,4,0.5,24,0.417,31,0.452,0.564,0.564,5.8,0.8,3.6,0.5,5.2,0.09,0,0.64,4.4,98.8,107.1
,Trent Forrest,Uta,G,23.42,7,8.4,17.5,5.8,38.1,2,1,4,0.5,0,0,0.5,0.615,0.9,0.7,4.6,0.6,8.6,0.29,0,0.43,3.4,95.5,100.9
,Evan Fournier,Nyk,G-F,29.04,12,29.5,61.4,20.9,8.9,21,0.762,61,0.492,83,0.361,0.521,0.542,13.8,3,5.4,2,10.4,1.08,0.33,1.25,5.9,107.7,110.6
,De'Aaron Fox,Sac,G,23.9,12,35.4,73.8,29.3,14.4,68,0.706,166,0.476,54,0.222,0.441,0.484,20.2,3.8,5.7,6.1,27,1.5,0.67,3.5,8.8,97.6,105.9
,Daniel Gafford,Was,F-C,23.12,9,19.1,39.9,15.9,12.9,16,0.688,47,0.681,0,0,0.681,0.694,8.3,4.8,13.2,0.6,4.6,0.78,1.67,0.89,6,132.1,97
,Danilo Gallinari,Atl,F,33.26,9,16.8,34.9,18.6,9.2,12,0.833,25,0.36,29,0.379,0.472,0.515,6.8,3,9.6,0.4,3.7,0.44,0.11,0.67,4.8,105.8,111.9
,Darius Garland,Cle,G,21.79,10,33.4,69.6,22.1,23.6,20,0.85,61,0.541,60,0.417,0.583,0.609,15.8,2.2,3.5,7.2,33.5,1.1,0.1,4,7.5,106.4,109.2
,Marcus Garrett,Mia,G,23.01,2,3.5,7.3,6.2,0,0,0,1,0,0,0,0,0,0,0,0,1,34.5,0,0,0,0,,
,Usman Garuba,Hou,F,19.68,5,6,12.6,13.8,20,0,0,3,0.667,5,0.2,0.438,0.438,1.4,2,17.6,0.8,19.5,0.4,0.8,0.4,8.7,104.1,98.3
,Luka Garza,Det,C,22.88,5,7.9,16.4,17.4,12.3,5,0.8,6,0.5,6,0.333,0.5,0.563,3.2,1.2,8.2,0.2,4.2,0.8,0.2,0.4,4.6,110.5,82
,Paul George,Lac,F,31.53,11,35.3,73.6,34.5,15.8,47,0.872,144,0.521,97,0.361,0.529,0.566,26.9,7.9,11.5,5.4,27.6,2.55,0.45,4.45,11.9,102.9,94.1
,Taj Gibson,Nyk,F,36.39,7,19.6,40.9,9.2,13.9,4,1,20,0.65,3,0,0.565,0.606,4.3,5.3,14.3,0.7,5,0.29,1.29,0.57,5.1,133.6,96.6
,Josh Giddey,Okc,G,19.09,10,29.4,61.1,20,20.3,13,0.615,74,0.446,30,0.267,0.433,0.447,9.8,6.7,11.4,6.2,34.6,1.4,0.6,2.8,10.1,95.2,100.8
,Shai Gilgeous-Alexander,Okc,G-F,23.34,10,35.1,73.1,27.6,10.6,57,0.807,111,0.486,67,0.358,0.506,0.556,22.6,5.4,7.7,4.5,24.3,0.8,0.6,2.4,9.3,110.4,105.6
,Rudy Gobert,Uta,C,29.38,12,30.8,64.2,17.5,18,87,0.667,85,0.718,0,0,0.718,0.73,15,15.5,27.2,0.9,4.5,1,1.83,2.25,7.7,131,91.9
,Aaron Gordon,Den,F,26.16,11,30.1,62.7,18,15.6,25,0.68,72,0.583,31,0.29,0.539,0.561,11.6,6.2,11.2,1.8,8.9,0.45,0.91,1.91,6.7,106.9,98.6
,Eric Gordon,Hou,G,32.88,9,27.2,56.6,19.1,17,26,0.731,42,0.5,39,0.513,0.63,0.654,13.4,1.9,3.7,1.7,10,0.56,0.22,2.11,5.2,110.6,111.9
,Devonte' Graham,Nor,G,26.72,12,32.6,67.9,22.3,10.6,37,0.757,63,0.413,107,0.346,0.479,0.513,15.9,2.8,4.4,5.5,27.2,1.42,0.08,1.83,7.7,108.6,114.6
,Jerami Grant,Det,F,27.67,9,33.1,69.1,26,10.9,45,0.8,92,0.457,51,0.314,0.462,0.516,18.7,5,8.2,2.6,14.3,1.22,1.33,2.22,7.5,102.1,107.3
,Danny Green,Phi,G,34.39,10,24.1,50.1,12,12.5,0,0,3,1,53,0.396,0.616,0.616,6.9,2.3,5.2,1.1,6.1,1.2,0.9,0.8,4.3,112.5,106.6
,Draymond Green,Gol,F,31.69,11,29.6,61.7,14.6,29.4,32,0.531,55,0.545,10,0.3,0.531,0.544,7.8,8.2,14.6,7.2,31.7,1.45,0.82,3,10.4,111.1,92
,Javonte Green,Chi,G-F,28.31,11,19.5,40.7,11.4,7.2,8,0.875,35,0.571,13,0.385,0.573,0.602,5.6,4,11,0.7,5.1,0.91,0.36,0.36,5.1,129,97.4
,Jalen Green,Hou,G,19.76,11,32.7,68.2,23.1,15.6,34,0.765,72,0.444,81,0.284,0.435,0.473,14.5,3.3,5.3,2.9,14.2,0.73,0.36,2.82,6.3,89.8,109.6
,JaMychal Green,Den,F-C,31.39,11,13.7,28.5,19.8,28.1,8,0.875,24,0.792,21,0.143,0.522,0.556,4.9,3.3,13.1,0.5,5.8,0.82,0.45,1.73,5.9,87,85.9
,Jeff Green,Den,F,35.21,11,18.9,39.5,20.2,9.4,26,0.769,48,0.521,27,0.185,0.433,0.492,7.7,1.8,5.3,0.9,7,0,0.27,0.82,4.9,97,98
,Josh Green,Dal,G,20.99,7,5.3,11,13.1,18.2,0,0,7,0.429,2,0,0.333,0.333,0.9,1.4,14.1,0.3,7.7,0,0.14,0.29,5.5,84,106.6
,Blake Griffin,Bro,F,32.66,11,22.3,46.6,15.2,7.1,16,0.625,28,0.5,43,0.209,0.387,0.416,5.9,5.5,12.9,1.9,11.8,0.36,0.27,0.55,7.1,99.7,96.3
,Quentin Grimes,Nyk,G,21.51,4,4.5,9.4,14.6,0,0,0,0,0,6,0.5,0.75,0.75,2.3,0.3,2.9,0,0,0,0,0,0,143.2,119.9
,Tyrese Haliburton,Sac,G,21.7,10,32.6,67.9,17.5,10.5,18,0.833,77,0.532,35,0.371,0.54,0.567,13.6,3.5,5.7,5,22.4,1.5,1.1,1.4,7.6,117.7,111.6
,R.J. Hampton,Orl,G,20.76,12,18.1,37.8,20.7,18.2,19,0.579,47,0.426,30,0.433,0.513,0.527,7.5,2.8,8.3,1.7,15.2,0.33,0.33,1.58,7.3,95.7,106.7
,Tim Hardaway Jr.,Dal,G-F,29.66,11,31.9,66.4,18.7,4.7,29,0.759,46,0.478,84,0.393,0.55,0.578,15,3.5,5.6,2.3,11.3,0.91,0.09,0.64,6.2,118.6,106
,James Harden,Bro,G,32.21,12,33.9,70.6,26.7,22.9,56,0.875,75,0.427,89,0.393,0.515,0.578,18.2,8,12.2,8.8,39.6,1.08,0.83,4.67,12.8,107.5,98
,Maurice Harkless,Sac,F-G,28.51,11,22.7,47.3,9.4,10.9,5,0.8,17,0.647,30,0.267,0.489,0.508,4.5,3.1,7.2,0.6,3.6,0.45,0.55,0.55,3.6,96.7,106.9
,Montrezl Harrell,Was,F-C,27.79,11,29.6,61.7,21.1,9.6,69,0.841,106,0.66,5,0.2,0.644,0.711,18.3,9.3,16.5,1.9,10.7,0.64,1.09,1.36,9.3,140.3,97.6
,Gary Harris,Orl,G,27.16,7,22.2,46.3,15.6,19.5,3,0.667,31,0.484,13,0.154,0.409,0.419,5.4,1.6,3.8,1.7,11.9,0.29,0.14,1.57,4.4,81.8,112.7
,Joe Harris,Bro,G-F,30.18,12,31,64.6,15.4,12.4,6,0.833,32,0.375,78,0.436,0.573,0.581,10.9,4.3,7.1,1.1,5,0.5,0.17,1.33,4.8,101.6,100.9
,Tobias Harris,Phi,F,29.33,7,33.6,70,25.2,9.9,14,0.929,81,0.605,31,0.29,0.558,0.584,19.7,8.7,14.2,4.6,22.6,0.14,0.43,1.86,11,116.6,108.3
,Isaiah Hartenstein,Lac,C-F,23.52,10,15.8,32.9,17.3,15.8,19,0.579,44,0.659,1,0,0.644,0.647,6.9,5.1,16.6,1.2,11.7,0.8,0.8,1,8.8,125.6,83.5
,Josh Hart,Nor,G,26.69,8,25.9,54,15.7,11.6,18,0.722,42,0.643,19,0.368,0.615,0.638,11,5.6,11.3,2.4,14.8,0.5,0.25,1.13,8.2,123.3,106
,Udonis Haslem,Mia,F,41.43,3,3.2,6.7,22.5,0,0,0,4,0.5,1,0,0.4,0.4,1.3,0.7,11.2,0,0,0,0,0,0,,
,Jaxson Hayes,Nor,C-F,21.47,11,12.1,25.1,20.6,13.8,23,0.739,40,0.55,6,0.167,0.511,0.57,5.8,3.5,15,0.2,2.5,0.36,0.91,0.82,5.3,111,103.7
,Killian Hayes,Det,G,20.3,9,25.3,52.7,15,18.6,8,0.875,38,0.263,24,0.375,0.379,0.412,6,2.6,5.5,2.9,17.5,1.22,0.22,1.67,5.6,86.4,103.8
,Gordon Hayward,Cha,F,31.64,13,35.4,73.8,20.5,14.4,48,0.875,110,0.5,65,0.462,0.571,0.617,18.6,5,7.3,3.4,14,0.62,0.31,2.54,7.7,112.9,113.4
,Aaron Henry,Phi,F,22.2,1,2.1,4.4,21.5,0,0,0,0,0,1,0,0,0,0,0,0,0,0,0,0,0,0,,
,Juancho Hernangomez,Bos,F,26.12,5,2.8,5.8,31.1,30.4,2,0.5,3,0.333,3,0.333,0.417,0.436,1.2,1,19.2,0,0,0.4,0,0.6,0,,
,Willy Hernangomez,Nor,C-F,27.46,2,7,14.6,17.2,17.4,4,1,3,0.667,0,0,0.667,0.84,4,2,14.9,1,22.4,0,0,0.5,11.4,150.6,91.6
,Tyler Herro,Mia,G,21.81,12,33,68.7,27.6,10.7,29,0.828,129,0.504,84,0.393,0.538,0.56,21.1,5.5,9,3.8,20,0.33,0,2.25,9.2,110.3,105
,Buddy Hield,Sac,G,28.9,12,29.1,60.7,24.3,11.1,18,0.833,41,0.463,128,0.391,0.556,0.574,16.9,5,9,1.8,9.6,0.92,0.33,1.83,7.3,107,104.9
,George Hill,Mil,G,35.53,12,27.9,58,12.3,14.5,11,0.909,47,0.489,31,0.387,0.526,0.555,7.7,3.6,6.7,3.2,15.8,1,0.17,1.17,6.4,115.8,105.2
,Solomon Hill,Atl,F,30.66,5,15.5,32.3,6.7,8.3,0,0,3,0,8,0.25,0.273,0.273,1.2,2.6,9,1.6,12.7,0.4,0.2,0.2,4.4,92.5,100.6
,Aaron Holiday,Was,G,25.12,11,16,33.2,16.5,16.7,13,0.769,32,0.406,17,0.471,0.51,0.548,5.5,1.8,6,1.7,15.5,0.27,0.45,1,6.4,103.4,99.3
,Jrue Holiday,Mil,G,31.42,6,25.8,53.8,24.1,17.1,6,0.667,43,0.442,27,0.444,0.529,0.537,13,3.8,7.7,4.2,25.8,0.83,0.33,2.5,9.2,101.8,105.2
,Justin Holiday,Ind,F-G,32.61,13,29.6,61.6,13.7,12.3,2,1,22,0.455,84,0.333,0.491,0.496,8.2,2.8,5.3,1.5,6.6,0.69,0.23,1.15,4.4,95.9,107.2
,Richaun Holmes,Sac,F,28.08,12,26.6,55.5,18.4,14.5,33,0.879,100,0.66,3,0.667,0.67,0.711,13.9,10.7,21.1,1.4,8.3,0.33,1,1.67,8.9,132.4,96.9
,Rodney Hood,Mil,G-F,29.06,7,13.1,27.2,13.1,3.6,7,1,5,0,19,0.368,0.438,0.517,4,1.9,7.4,0.7,7.3,0.14,0,0.14,5.3,116.8,104.3
,Al Horford,Bos,C-F,35.44,9,28.9,60.3,20.1,8.4,22,0.909,60,0.567,40,0.25,0.49,0.538,13.1,8.9,16.4,3.1,17.2,0.89,2.33,1.11,9.9,114.3,98.5
,Danuel House Jr.,Hou,F-G,28.43,4,13.1,27.3,15.8,10.1,2,1,8,0.25,9,0.444,0.471,0.503,4.5,2.8,11.1,1.3,14.3,0.5,0,0.5,7.8,105.4,108.9
,Dwight Howard,Lal,C-F,35.93,10,14.1,29.3,12.8,27.9,25,0.64,19,0.632,1,1,0.675,0.694,4.3,4.7,17.4,0.4,3.7,1,0.7,1.2,5.7,108.3,88.6
,Markus Howard,Den,G,22.7,4,3.9,8,11.5,50,0,0,0,0,2,0,0,0,0,0,0,0,0,0.25,0,0.5,0,,
,Kevin Huerter,Atl,G-F,23.21,11,22.3,46.4,18.9,14.8,4,0.75,50,0.52,40,0.35,0.522,0.529,8.8,3.1,7.4,2,13.3,0.27,0.36,1.45,6.8,99.4,109.3
,Jay Huff,Lal,C,24.22,1,8.1,16.9,5.2,0,0,0,0,0,1,0,0,0,0,2,12.8,1,14.2,0,0,0,0,98.6,114.9
,Elijah Hughes,Uta,G,23.68,4,2.7,5.7,11.4,0,2,1,1,0,1,0,0,0.347,0.5,0.3,5,0,0,0,0,0,0,,
,De'Andre Hunter,Atl,F-G,23.95,10,28.5,59.3,18.6,11.3,10,0.4,69,0.493,36,0.417,0.538,0.535,11.7,2.8,5.3,0.7,3.7,0.7,0.3,1.4,4,97.6,107.1
,Chandler Hutchison,Pho,F-G,25.55,1,6.4,13.3,20.2,66.7,0,0,1,1,0,0,1,1,2,2,16.7,0,0,0,0,2,0,45.1,92.1
,Bones Hyland,Den,G,21.16,8,15.8,33,22.9,10.7,6,0.833,20,0.5,36,0.306,0.473,0.495,7.3,1.5,5.2,2,18.9,1,0.25,0.88,7.1,99.7,96.7
,Serge Ibaka,Lac,F,32.15,2,6.9,14.4,18.8,16.7,0,0,3,0,2,0,0,0,0,2,14.9,0.5,8.7,0,0.5,0.5,0,11.2,64.8
,Andre Iguodala,Gol,G-F,37.79,9,20.9,43.5,9.7,16.4,4,0.5,14,0.643,20,0.2,0.441,0.447,3.6,4.1,10.4,4.1,24.7,0.89,0.78,0.78,7.5,116.5,98.2
,Joe Ingles,Uta,F-G,34.11,12,25.2,52.5,12.1,14.2,4,1,14,0.643,57,0.421,0.634,0.646,7.8,3.2,6.8,2.9,16.2,0.25,0.17,1,6.6,127.3,103.7
,Brandon Ingram,Nor,F,24.2,6,37,77.2,30.4,13,16,0.688,100,0.47,33,0.455,0.523,0.536,25,7.3,10.3,4.8,26,0.33,0.5,3.5,10.3,101,109.7
,Jaren Jackson Jr.,Mem,F-C,22.16,11,27.1,56.6,23.2,11.5,26,0.962,63,0.413,72,0.361,0.481,0.529,14.1,6,11.7,1.3,6.9,0.73,1.91,1.73,7.1,104.5,103.6
,Frank Jackson,Det,G,23.53,10,18.4,38.3,18.6,9.9,8,0.625,27,0.556,42,0.214,0.413,0.427,6.2,1.4,4.1,0.4,3.6,0.5,0,0.8,3.3,82.8,108.4
,Isaiah Jackson,Ind,F,19.84,2,5.8,12,10.8,0,2,0.5,2,0.5,0,0,0.5,0.521,1.5,2,19.1,0,0,0.5,0,0,0,124.5,76.4
,Josh Jackson,Det,G-F,24.75,10,22.1,46,18.7,13.4,19,0.632,41,0.561,35,0.257,0.48,0.504,8.5,4.2,10.3,2.1,16.1,0.6,0.5,1.3,7.6,100.2,102.9
,Reggie Jackson,Lac,G,31.58,11,34.9,72.6,24.4,8.8,19,0.895,93,0.441,96,0.344,0.479,0.502,18,3.5,5.1,4.3,19.1,0.64,0,1.73,7.4,103,105.5
,LeBron James,Lal,F,36.87,6,37.1,77.2,29.6,15.9,23,0.783,73,0.548,49,0.347,0.537,0.564,24.8,5.5,7.7,7,30.8,2.33,0.83,4.17,10.6,105.4,103.9
,DeJon Jarreau,Ind,G,23.8,1,0.9,1.9,0,,0,0,0,0,0,0,,,0,0,0,0,0,0,0,0,0,,
,Ty Jerome,Okc,G-F,24.35,7,13.2,27.4,20.9,6.6,5,0.6,12,0.417,28,0.25,0.388,0.403,4.9,1.3,4.9,1.3,15.8,0.86,0,0.43,6.1,87.6,99.5
,Isaiah Joe,Phi,G,22.36,7,7.7,16.1,15,11.1,0,0,4,0.25,12,0.333,0.438,0.438,2,0.4,3,0.3,4.9,0,0,0.29,3.2,83,113.5
,Alize Johnson,Chi,F,25.56,7,8.5,17.7,12.1,24.5,3,0.667,11,0.727,0,0,0.727,0.731,2.6,3,19,0.6,9.4,0.14,0,0.57,7.9,132.4,94.3
,Cameron Johnson,Pho,F,25.69,10,21.2,44.2,15.5,2.6,5,0.8,31,0.355,41,0.317,0.424,0.438,6.5,2.4,6,1,6.1,0.9,0.4,0.2,4.7,95.6,106.2
,David Johnson,Tor,G,20.71,1,0.5,1,0,,0,0,0,0,0,0,,,0,0,0,0,0,0,0,0,0,,
,James Johnson,Bro,F,34.73,5,11.2,23.4,10.1,23.5,4,0.5,5,0.4,3,0,0.25,0.307,1.2,1.2,5.5,0.6,6.8,0.4,0.4,0.6,3.4,65.3,98.9
,Jalen Johnson,Atl,F,19.9,4,3.7,7.7,25.8,0,2,1,5,0.6,3,0.667,0.75,0.788,3.5,0.8,10.9,0,0,0,0,0,0,,
,Keldon Johnson,San,F-G,22.09,11,30.3,63.1,23.6,8.1,43,0.651,129,0.504,23,0.174,0.467,0.497,15.5,6.4,11.1,2.1,9.9,1.36,0.27,1.36,7.8,100.8,102
,Keon Johnson,Lac,G,19.68,1,0.7,1.5,0,,0,0,0,0,0,0,,,0,0,0,0,0,0,0,0,0,,
,Nikola Jokic,Den,C,26.73,10,31.8,66.3,30.6,16.3,53,0.792,121,0.678,40,0.4,0.658,0.689,25.4,13.6,23.4,5.7,34.1,1.6,1.1,3.6,15.8,125.6,88.8
,Derrick Jones Jr.,Chi,F,24.74,7,16.2,33.8,11.7,0,14,1,13,0.846,11,0.182,0.583,0.696,6,3.1,10.4,0.3,2.4,0.57,1.14,0,4.4,156.5,99.6
,Damian Jones,Sac,C,26.37,3,7.5,15.6,7.6,25,0,0,3,1,0,0,1,1,2,2.3,16.5,0.7,12.5,0,0.33,0.33,7.9,163.8,94.4
,Herbert Jones,Nor,F,23.1,9,25.2,52.5,12.3,22.5,8,0.625,42,0.524,6,0.167,0.49,0.505,5.8,2.7,5.5,1.9,11,1.22,0.56,1.67,4.9,94.7,105.4
,Kai Jones,Cha,C-F,20.81,4,1.2,2.4,26.9,100,0,0,0,0,0,0,,,0,0,0,0,0,0,0,0.75,0,,
,Tre Jones,San,G,21.84,10,6.5,13.6,16.5,7.9,3,1,21,0.524,1,0,0.5,0.536,2.5,0.6,4.9,1,20.8,0.2,0,0.2,7,112.9,104.8
,Tyus Jones,Mem,G,25.51,11,16.5,34.3,13.8,8.4,2,1,29,0.552,25,0.48,0.63,0.638,6.4,2.5,7.9,3.1,26.9,0.73,0,0.45,8.9,137.1,115
,DeAndre Jordan,Lal,C,33.31,12,14.1,29.4,12,16.5,8,0.625,37,0.784,0,0,0.784,0.777,5.3,5.9,21.7,0.4,4.2,0.33,0.92,0.67,6.6,141.2,93.6
,Cory Joseph,Det,G,30.23,10,20.6,43,15.6,15.8,18,0.778,34,0.471,22,0.318,0.473,0.524,6.7,1.4,3.7,3.5,27.2,0.6,0.2,1.2,6.2,108.1,106.6
,Georgios Kalaitzakis,Mil,F,22.86,5,5.7,11.8,22,20.5,6,0.167,6,0.333,3,0.333,0.389,0.344,1.6,1,9.1,0,0,0.2,0.2,0.6,0,66.6,98.2
,Frank Kaminsky,Pho,F-C,28.61,6,21.1,44,21,8.1,13,1,37,0.676,14,0.357,0.637,0.688,13,4.3,11,1.7,12.1,1,0.67,0.83,8.7,133,101.7
,Enes Kanter,Bos,C,29.48,2,4.9,10.2,22.3,0,0,0,5,0.4,0,0,0.4,0.4,2,2,21.8,0,0,0,0,0,0,102.8,99.4
,Luke Kennard,Lac,G,25.38,11,26.9,56.1,15,2.9,5,1,29,0.414,69,0.449,0.597,0.609,11.1,3.2,6.1,2.1,11.3,0.73,0.09,0.27,6.3,124.2,103.2
,Corey Kispert,Was,F,22.7,10,11,22.9,12.8,9.4,4,0.75,11,0.727,16,0.25,0.519,0.539,3.1,1.9,9.1,0.7,9,0.3,0.3,0.3,5.8,112,102.2
,Maxi Kleber,Dal,F,29.79,6,18.8,39.2,13.1,11.8,4,1,5,0.6,23,0.478,0.696,0.722,7.2,5.3,14.7,0.5,4,0.5,1.17,0.67,5.7,132.7,97.5
,Nathan Knight,Min,F-C,24.15,2,2.3,4.7,8.1,0,2,1,0,0,0,0,,1.136,1,1,22.7,0,0,0,0,0,0,,
,Kevin Knox II,Nyk,F,22.26,3,2.3,4.8,18.3,69.4,2,0.5,0,0,0,0,,0.568,0.3,0.7,15.4,0.3,17.7,0,0,0.67,6.9,,
,John Konchar,Mem,G,25.64,10,13.4,27.9,9.6,16.3,4,0.5,16,0.688,8,0.125,0.521,0.524,2.7,2.7,10.7,0.8,7.8,0.8,0.4,0.5,5.4,109.6,105.2
,Furkan Korkmaz,Phi,G-F,24.3,12,26.1,54.4,21,9.6,15,0.933,44,0.5,81,0.358,0.524,0.551,12.1,2.8,5.9,3.1,17.2,0.58,0.17,1.17,7.2,111,113.9
,Vit Krejci,Okc,G,21.4,3,3.1,6.4,18,25.8,2,1,0,0,2,0,0,0.347,0.7,1,16.2,0,0,0,0,0.33,0,,
,Jonathan Kuminga,Gol,F,19.1,5,4.7,9.8,21.5,33.7,2,0.5,3,0.333,4,0.25,0.357,0.381,1.2,0.8,9,0.2,5.5,0.2,0,0.8,4.9,54.1,80.4
,Kyle Kuzma,Was,F,26.3,11,33.2,69.2,21,12.1,23,0.478,71,0.479,72,0.389,0.531,0.532,14.8,9.2,14.6,2,9.3,0.73,0.64,1.91,7.8,100.6,98.7
,Jeremy Lamb,Ind,G-F,29.45,10,15.8,33,20.6,7.9,17,1,30,0.367,32,0.406,0.492,0.561,7.8,2.3,8,0.9,8.1,0.4,0.4,0.6,6.4,113.2,104.6
,Jock Landale,San,C,26.05,4,2.7,5.6,28.7,13.7,3,0.667,4,0.75,1,1,0.9,0.87,2.8,0.5,9.8,0.5,34.6,0,0.25,0.25,13.2,,
,Romeo Langford,Bos,G-F,22.05,7,18.7,39,13.3,12.5,2,1,16,0.438,18,0.5,0.603,0.616,6.1,2,5.7,0.6,4.5,0.29,0.14,0.71,4.2,113.6,101.2
,Zach LaVine,Chi,G-F,26.68,11,34.9,72.8,29.9,10.3,67,0.896,137,0.569,68,0.338,0.549,0.608,25.9,5.5,8.5,4.2,20.4,0.55,0.36,2.45,9.7,117.4,104.2
,Jake Layman,Min,F,27.69,2,4,8.3,15.4,0,0,0,2,0.5,1,0,0.333,0.333,1,0.5,6.4,0,0,0.5,0,0,0,73.6,111.8
,Damion Lee,Gol,G-F,29.06,9,24.1,50.3,17.6,4.4,16,0.875,40,0.525,39,0.436,0.589,0.622,11.9,2.8,6.1,1.4,8.7,0.11,0.11,0.44,6,124.5,102.2
,Saben Lee,Det,G,22.39,4,6.8,14.1,18.5,17,4,0.5,5,0.4,3,0,0.25,0.307,1.5,0.8,6,0.8,16.8,0.5,0,0.5,5.8,66.5,107.2
,Alex Len,Sac,C,28.41,8,17.4,36.2,15.7,21.5,14,0.786,29,0.621,5,0.4,0.618,0.66,6.6,4.1,12.5,1.4,11.2,0.38,1.5,1.38,7.7,113.8,93
,Caris LeVert,Ind,G,27.22,5,27,56.3,33.6,7.6,16,0.625,62,0.468,28,0.214,0.422,0.443,17.2,3,6.1,4.2,26.3,1,0.8,1.6,8.9,96.3,106.2
,Kira Lewis Jr.,Nor,G,20.6,12,13.7,28.5,23.8,20.3,1,1,45,0.422,29,0.172,0.358,0.363,4.5,1.8,7,2.1,24,0.33,0,1.58,7.5,73.3,109.1
,Damian Lillard,Por,G,31.33,12,34.8,72.6,28.8,10.7,39,0.846,120,0.5,114,0.254,0.442,0.478,20,4.2,6.3,8.2,36.4,0.67,0.08,2.5,10.2,105.7,110.1
,Nassir Little,Por,F-G,21.75,12,20.4,42.6,13.6,15.4,14,0.857,31,0.677,29,0.345,0.6,0.635,7,5,13,0.6,3.9,0.67,0.83,1,5.4,120.4,101.8
,Kevon Looney,Gol,F,25.76,11,16.7,34.8,14.2,11.4,21,0.571,45,0.578,0,0,0.578,0.59,5.8,6.2,19.6,0.8,6.8,0.45,0.73,0.64,7.3,128.3,87.4
,Brook Lopez,Mil,C,33.61,1,28.2,58.8,13.6,0,0,0,5,0.2,4,0.5,0.444,0.444,8,5,9.2,0,0,1,3,0,0,104.2,100.8
,Robin Lopez,Orl,C,33.61,5,11.8,24.6,14.3,15.4,8,0.75,13,0.615,0,0,0.615,0.666,4.4,2.4,10.8,0.6,8.2,0,0.4,0.6,6.3,126.6,109.8
,Didi Louzada,Nor,G,20,2,3.5,7.2,18.2,0,0,0,0,0,3,0,0,0,0,1,15.1,0.5,18.6,0,0,0,0,,
,Kevin Love,Cle,F-C,33.18,7,20.7,43.2,23.3,7.7,22,0.909,38,0.447,24,0.208,0.395,0.481,9.9,7.3,18.8,2.3,16.6,0.29,0.14,0.86,10.6,109,102
,Kyle Lowry,Mia,G,35.64,11,34.3,71.5,17.6,20.7,19,0.895,41,0.537,73,0.329,0.509,0.543,12.1,5.1,8,7.3,29.9,1.27,0.27,2.91,8.9,108,98.8
,Timothe Luwawu-Cabarrot,Atl,G-F,26.51,6,4.2,8.7,26.1,6.6,5,0.8,5,0.2,7,0.286,0.333,0.423,2,0.7,8.6,0.3,11.1,0.17,0,0.17,7.1,92.5,115.2
,Trey Lyles,Det,F,26.02,10,15.7,32.7,22.4,12.1,29,0.793,30,0.5,30,0.3,0.475,0.55,8,4.5,15.5,1.1,12,0.3,0.2,1,8.7,111.3,107.3
,Theo Maledon,Okc,G,20.42,9,14.2,29.7,15.6,23.5,4,0.75,12,0.333,22,0.136,0.25,0.28,2.2,1.8,6.2,1.3,13.5,0.22,0,1.22,4.9,62.1,106.2
,Sandro Mamukelashvili,Mil,F-C,22.47,7,8.7,18.2,12.8,10.9,3,0.667,9,0.444,6,0.5,0.567,0.582,2.7,1.3,7.6,0.3,4.6,0,0,0.29,4.7,115,108
,Terance Mann,Lac,G-F,25.07,11,29.4,61.2,14.6,10.1,23,0.783,54,0.519,34,0.324,0.506,0.545,9.7,5.3,9.2,2.6,12.6,0.91,0.18,1,7,116.2,100.7
,Tre Mann,Okc,G,20.77,6,11.1,23.1,21.6,5.9,4,0.25,20,0.5,10,0.3,0.483,0.472,5,1.5,6.7,0.2,2.7,0.17,0.5,0.33,4.1,93.8,100
,Boban Marjanovic,Dal,C,33.24,6,6.5,13.5,34.5,16.4,8,0.375,22,0.682,0,0,0.682,0.647,5.5,1.8,14.7,0.3,12.9,0,0.17,0.83,8.8,107.1,87.6
,Lauri Markkanen,Cle,F-C,24.48,8,30.7,64,20.1,6.2,22,0.864,47,0.447,50,0.28,0.433,0.483,12.9,5.9,10.2,1.5,7.2,1.38,1,0.88,6.3,103.8,104.8
,Naji Marshall,Nor,F,23.8,11,14.9,31.1,14.1,25.4,14,0.857,20,0.45,15,0.067,0.3,0.401,3,3.8,13.4,1.1,10.2,0.64,0.27,1.27,6.2,79.7,103.5
,Kenyon Martin Jr.,Hou,F,20.85,10,14,29.1,14.4,8.3,9,0.778,30,0.767,10,0.3,0.688,0.705,6.2,2.7,10.3,0.7,8.5,0.3,0.4,0.4,6.5,134.7,107.4
,Caleb Martin,Mia,F,26.12,9,14,29.2,14.9,9.2,6,0.5,22,0.591,15,0.267,0.514,0.517,4.6,2.4,9.4,0.6,5.7,0.78,0.44,0.44,5.4,107.2,92.5
,Cody Martin,Cha,F,26.12,13,24.2,50.4,13,7.1,27,0.815,53,0.472,27,0.444,0.538,0.588,8.3,4.2,9.1,1.9,10.6,1.38,0.46,0.54,6.7,127.2,110.8
,Kelan Martin,Ind,F,26.28,6,12.4,25.9,20.5,8.5,3,0.667,16,0.375,15,0.533,0.581,0.588,6.3,1.3,5.9,1,12.2,0.33,0,0.5,6.5,114.7,105.9
,Tyrese Maxey,Phi,G,21.02,13,35.7,74.4,20,9.2,39,0.872,128,0.547,42,0.381,0.553,0.593,17.1,3.8,5.8,4.7,19.8,0.85,0.69,1.46,7.5,120.5,109.6
,Skylar Mays,Atl,G,24.19,4,3.7,7.7,20.9,13.9,5,1,2,1,2,0.5,0.875,0.968,3,0.3,3.6,0.3,10.6,0,0,0.25,7,,
,Miles McBride,Nyk,G,21.18,5,0.9,1.8,39.9,0,0,0,1,0,3,0,0,0,0,0,0,0,0,0,0.2,0,0,,
,CJ McCollum,Por,G,30.15,12,34.5,71.9,27.3,10.2,25,0.72,121,0.471,105,0.381,0.518,0.532,21,4.2,6.4,4.3,19.8,1,0.92,2.25,8.4,107.2,107.8
,T.J. McConnell,Ind,G,29.63,13,26.6,55.4,17,14,5,0.4,98,0.582,17,0.412,0.587,0.584,10.5,3.7,7.6,5.4,30.5,0.92,0.38,1.46,8.9,120.9,105.5
,Jalen McDaniels,Cha,F-C,23.78,11,11.6,24.1,13.9,11.6,16,0.688,11,0.727,20,0.45,0.694,0.71,4.9,2.1,9.3,0.9,10.7,0.45,0.18,0.45,7.2,134.6,106.2
,Jaden McDaniels,Min,F,21.12,10,24.7,51.4,10.1,16.6,3,0.667,25,0.48,24,0.25,0.429,0.437,4.4,4.1,8.5,0.8,4.6,1,0.9,1,3.9,89.1,96.2
,Doug McDermott,San,F,29.86,8,25,52.1,16.5,6.4,9,0.667,31,0.452,38,0.447,0.572,0.583,10.6,2,4.2,1,5.3,0.13,0,0.63,4.4,110.6,106.5
,JaVale McGee,Pho,C-F,33.81,10,16.8,35,23.4,17.6,23,0.565,65,0.646,0,0,0.646,0.646,9.7,6.4,20.3,0.6,5.6,0.1,0.8,1.6,8,111.1,92.5
,Rodney McGruder,Det,G,30.29,5,4.7,9.8,9.1,0,0,0,2,0,3,0.333,0.3,0.3,0.6,0.6,6.9,0.4,12.3,0,0.2,0,4.5,84.1,111.1
,JaQuori McLaughlin,Dal,G,23.79,1,1.7,3.5,0,,0,0,0,0,0,0,,,0,0,0,1,74.8,0,0,0,0,,
,Jordan McLaughlin,Min,G,25.59,9,11.8,24.6,13,17.8,6,0.667,12,0.417,13,0.154,0.32,0.362,2.2,1.1,4.8,2.2,26.2,0.78,0,0.67,5.9,91.9,110.9
,Ben McLemore,Por,G,28.75,3,7.6,15.8,26.2,14.4,2,1,1,1,10,0.3,0.5,0.547,4.3,0,0,0.3,6.5,0,0,0.67,0,97.4,114.5
,De'Anthony Melton,Mem,G,23.46,11,28.8,60.1,18.8,10.5,10,0.8,60,0.45,63,0.365,0.5,0.514,11.9,4.7,8.7,2.5,12.7,1.73,1,1.36,7.2,105.6,109.2
,Sam Merrill,Mem,G,25.49,3,12.7,26.5,19,11.5,3,0.333,0,0,14,0.286,0.429,0.424,4.3,0.7,2.8,1,10.5,0,0,0.67,4.5,86.9,117.2
,Chimezie Metu,Sac,F-C,24.64,3,14.1,29.4,19.2,21.1,0,0,5,0.6,10,0.4,0.6,0.6,6,4,15,1.3,13.8,0.67,0,1.33,8.9,100.6,102.2
,Khris Middleton,Mil,F,30.25,6,31.5,65.6,30.4,15.6,27,0.852,67,0.522,35,0.257,0.475,0.527,20,4.7,7.7,4.5,24.2,2,0.17,3.5,9.5,100,102.7
,Paul Millsap,Bro,F,36.75,11,11.1,23.2,15.2,14.3,11,0.727,15,0.467,16,0.25,0.419,0.474,3.1,3.5,16.1,0.9,11.2,0.18,0.45,0.55,7.7,101.2,86.3
,Patty Mills,Bro,G,33.25,12,24.5,51,17.4,8.7,10,0.9,39,0.308,62,0.452,0.535,0.555,9.8,1.9,4.1,2.8,16.5,0.42,0.17,0.83,6.1,110.7,104
,Shake Milton,Phi,G-F,25.13,9,25,52.1,22.4,10.7,18,0.889,64,0.563,28,0.286,0.522,0.56,12.4,3.4,7.5,3.4,21,0.67,0.22,1.33,8.4,114.4,105.7
,Davion Mitchell,Sac,G,23.19,12,27.3,57,18.7,9,11,0.636,73,0.479,53,0.283,0.456,0.466,10.2,2.7,5.1,3.9,20.5,0.58,0.25,1.08,7,101.5,106.4
,Donovan Mitchell,Uta,G,25.18,11,32.6,67.9,34.8,10.7,40,0.9,126,0.548,115,0.322,0.517,0.551,25.9,4.3,7.1,5.2,30.3,1.64,0.18,2.82,10.2,112.4,100
,Evan Mobley,Cle,C,20.4,12,33.6,70,19.5,11.6,40,0.8,122,0.557,20,0.25,0.532,0.573,15.3,7.9,12.6,2.5,11.7,0.83,1.25,1.75,8,113.6,101.9
,Malik Monk,Lal,G,23.77,12,21,43.7,17,12.7,12,0.75,34,0.559,50,0.38,0.565,0.582,8.7,2,4.9,1.9,12.7,0.67,0.17,1.08,6.1,109.8,108.7
,Moses Moody,Gol,G,19.45,9,6.8,14.2,13.8,5,2,0.5,8,0.625,10,0.2,0.444,0.45,1.9,0.9,6.9,0.3,6.5,0,0.11,0.11,4.7,93.7,101.8
,Ja Morant,Mem,G,22.26,11,35.3,73.5,32.5,14.6,68,0.779,172,0.529,55,0.345,0.526,0.568,26.5,5.7,8.6,7.3,36.2,1.73,0.27,4,11.7,112,113.3
,Marcus Morris Sr.,Lac,F,32.2,2,27.4,57.1,15.7,5,2,1,7,0.571,11,0.273,0.472,0.503,9.5,0.5,0.9,0.5,2.6,1,0.5,0.5,1.9,98.1,95.2
,Markieff Morris,Mia,F,32.2,10,18.7,39,19.4,14.3,5,1,48,0.5,22,0.364,0.514,0.533,7.7,2.8,8,1.4,11.3,0.3,0.1,1.2,6.7,105.5,97.4
,Monte Morris,Den,G,26.38,11,29.5,61.5,17.8,12.2,6,0.5,68,0.544,44,0.318,0.518,0.519,10.8,2.3,4.2,3.8,19.1,0.73,0.09,1.45,6.2,104.2,102.7
,Mychal Mulder,Orl,G,27.42,3,3.7,7.8,27,14.3,0,0,4,0,2,0.5,0.25,0.25,1,0.7,9.5,0.3,13.4,0,0,0.33,6.4,,
,Trey Murphy III,Nor,F,21.4,12,19.5,40.7,13.8,11.7,5,0.8,18,0.222,48,0.333,0.424,0.44,5,2.5,6.7,0.8,6.1,0.33,0.25,0.75,4.4,90.7,110.6
,Dejounte Murray,San,G,25.15,11,34.2,71.3,25.2,10.3,23,0.739,146,0.479,45,0.333,0.484,0.502,18.4,7.9,12.2,8.2,35.1,2.18,0.45,2.09,12.4,107.1,98.9
,Mike Muscala,Okc,F-C,30.37,8,15,31.2,21.7,4.9,25,0.76,17,0.529,30,0.467,0.638,0.681,9.9,3.4,11.2,0.6,7.5,0.63,0.63,0.38,7.3,134.5,98.1
,Svi Mykhailiuk,Tor,G-F,24.43,13,18.8,39.3,15.9,14.2,19,0.895,32,0.625,38,0.395,0.607,0.651,7.8,2.8,8,1.2,9,0.85,0,1,6.3,122.7,102.5
,Abdel Nader,Pho,F,28.13,9,10.4,21.6,16,20.2,6,0.833,16,0.375,9,0.222,0.36,0.416,2.6,1.7,8.6,0.6,6.7,0.56,0.33,0.78,5.3,81.1,100.6
,Larry Nance Jr.,Por,F-C,28.86,12,18,37.4,13.3,17.9,9,0.556,34,0.618,17,0.353,0.588,0.591,5.4,5,14.7,1.3,10.1,0.58,0.5,1,7.3,115.1,104.1
,RJ Nembhard Jr.,Cle,G,22.64,1,1.9,4,22.9,0,0,0,1,1,0,0,1,1,2,0,0,1,180.6,0,0,0,0,,
,Aaron Nesmith,Bos,G-F,22.07,8,9.6,19.9,16,10.7,0,0,5,0.4,20,0.2,0.32,0.32,2,1.4,7.7,0.5,7.3,0.38,0,0.38,4.7,73.1,99.8
,Raul Neto,Was,G,29.48,10,21.8,45.4,17.6,16.1,7,1,51,0.608,19,0.263,0.55,0.575,8.4,2.5,6.1,2.9,20.4,1.2,0.1,1.4,7.2,107.4,97.3
,Georges Niang,Phi,F,28.41,13,22.9,47.7,21.5,4.9,20,0.9,47,0.511,79,0.405,0.571,0.601,12.5,2.3,5.5,1.8,11.7,0.54,0.23,0.54,6.5,121.2,103.5
,Zeke Nnaji,Den,F-C,20.84,4,7.9,16.5,26.2,0,4,0.75,10,0.7,7,0.571,0.765,0.773,7.3,2.3,15.6,0,0,0,0.25,0,0,150,96.3
,Nerlens Noel,Nyk,C-F,27.59,4,21.2,44.1,8.4,30.9,5,1,9,0.778,0,0,0.778,0.848,4.8,6.8,16.9,0.5,3.2,1.5,1.25,1.25,4.8,140.9,96.3
,Jaylen Nowell,Min,G,22.35,3,7.9,16.5,17.4,10,0,0,7,0.286,2,0,0.222,0.222,1.3,0.7,4.3,1.3,24.1,0.33,0,0.33,5.4,71.2,114.4
,Frank Ntilikina,Dal,G,23.29,10,13.6,28.3,17.3,9.3,8,1,22,0.5,23,0.304,0.478,0.526,5.1,2,7.7,1.1,12.4,0.5,0.2,0.5,6.6,108.4,101.5
,Jusuf Nurkic,Por,C,27.22,12,24.7,51.4,20,18.7,38,0.684,87,0.609,9,0.222,0.583,0.612,11.5,11.5,24.7,2.3,14.1,1.42,0.58,2.17,10.9,116.3,95.7
,David Nwaba,Hou,G-F,28.83,11,13.5,28.1,15.9,12.4,12,0.583,36,0.528,8,0,0.432,0.457,4.1,3.5,13.6,0.9,10.4,0.91,0.36,0.64,7,95.2,98.8
,Jordan Nwora,Mil,F,23.18,12,21.1,43.9,20.1,10.1,9,0.778,51,0.471,52,0.308,0.466,0.481,8.6,3.8,9.2,1.4,10.1,0.08,0.58,1,6.8,96.4,107.5
,Semi Ojeleye,Mil,F,26.94,7,19,39.5,10.7,12,5,0.6,8,0.5,19,0.316,0.481,0.497,4.1,3.7,10.1,0.3,2,0.29,0.14,0.57,3.5,110,105.2
,Chuma Okeke,Orl,F,23.24,6,19.4,40.3,16.9,17.6,10,1,15,0.533,18,0.111,0.333,0.428,5.3,3.3,9.1,1.5,11.5,0.67,0.33,1.33,6.1,86.3,108.7
,Josh Okogie,Min,G,23.2,8,14.8,30.9,11.1,12.6,11,0.545,15,0.4,8,0.25,0.391,0.431,3,2.6,9.1,1,9.4,0.88,0.25,0.5,5.4,102,106.2
,Isaac Okoro,Cle,F-G,20.79,5,27.2,56.7,10.7,8.9,8,0.625,20,0.55,7,0.143,0.463,0.491,6,3.4,6.7,1.6,8.1,0.4,0.6,0.6,4.7,110.7,102.3
,KZ Okpala,Mia,F-G,22.54,5,3.7,7.7,4.7,0,0,0,1,0,1,1,0.75,0.75,0.6,0.6,8.8,0,0,0,0,0,0,,
,Kelly Olynyk,Det,F-C,30.57,10,23,47.9,23.7,11.7,35,0.6,57,0.544,41,0.341,0.531,0.551,12.5,5.3,12.5,2.3,18.6,1.4,0.7,1.5,9.3,108.5,97.6
,Eugene Omoruyi,Dal,F,24.74,2,5.2,10.8,24.3,0,4,0.5,2,0.5,2,0.5,0.625,0.608,3.5,2.5,25,0.5,16.2,0,0,0,12.6,136.6,96.6
,Royce O'Neale,Uta,F,28.44,12,31.4,65.4,10.4,16.5,13,0.692,25,0.76,45,0.311,0.571,0.588,7.4,4.5,7.7,2.3,9.8,1.75,0.5,1.25,5.4,115.2,99.8
,Miye Oni,Uta,G-F,24.27,5,1.9,3.9,0,,0,0,0,0,0,0,,,0,0.4,11.6,0.4,26.2,0,0,0,0,,
,Cedi Osman,Cle,F,26.6,11,20.4,42.4,17.7,12.1,14,0.643,17,0.529,57,0.439,0.628,0.636,9.3,2.5,6.5,1.5,10.7,0.36,0.18,1,6.4,116.5,104.6
,Kelly Oubre Jr.,Cha,F-G,25.93,13,26.8,55.8,21.2,6.7,27,0.667,72,0.5,83,0.386,0.542,0.557,14.3,4.5,8.6,1.3,7.2,0.85,0.15,0.92,6.5,112.1,108.1
,Kevin Pangos,Cle,G,28.79,3,2.6,5.5,16.5,33.3,0,0,1,0,1,0,0,0,0,0,0,0,0,0,0,0.33,0,,
,Jabari Parker,Bos,F,26.66,4,10.1,21.1,19.4,11.1,0,0,10,0.6,6,0.667,0.75,0.75,6,1.8,9.2,0.3,4.5,0.25,0.25,0.5,5.9,122.4,96.3
,Eric Paschall,Uta,F,25.02,12,15.1,31.4,13,9.1,13,0.692,16,0.75,28,0.286,0.545,0.573,4.8,2.8,9.9,0.7,6.2,0.17,0.17,0.42,5.6,122.7,104.6
,Chris Paul,Pho,G,36.52,10,32.3,67.3,19,16.9,37,0.811,77,0.519,25,0.4,0.539,0.592,14,4.4,7.3,10.9,45.9,2.1,0.6,2.4,10.8,125.2,103.6
,Cameron Payne,Pho,G,27.26,5,16.8,35,29.4,19.2,12,0.75,23,0.522,18,0.333,0.512,0.551,10.2,2.2,7,2.4,21.2,0.6,0.2,2.2,9,96.4,100.5
,Gary Payton II,Gol,G,28.95,11,11.7,24.4,16.7,13.9,10,0.7,29,0.759,10,0.5,0.756,0.76,6,2.2,9.9,0.9,11.8,1.27,0.09,0.64,7.8,135.4,85.2
,Elfrid Payton,Pho,G,27.72,5,14.9,31.1,22.2,18.2,8,0.5,27,0.556,1,0,0.536,0.539,6.8,3.4,12.2,3,29.2,0.6,0,1.4,11,107.5,99.1
,Jamorko Pickett,Det,F,23.89,3,2.9,6,9.9,50,0,0,0,0,1,1,1.5,1.5,1,0,0,0,0,0,0,0.33,0,,
,Mason Plumlee,Cha,F-C,31.69,13,27.1,56.4,11.3,16.7,34,0.294,65,0.585,0,0,0.585,0.538,6.6,7.5,14.4,2.8,13.8,0.92,1.15,1.23,7.6,114,104.1
,Jakob Poeltl,San,C,26.08,7,29.8,62.1,18,13.5,13,0.385,71,0.648,0,0,0.648,0.632,13.9,9.7,17.2,2.6,12.6,0.86,1.14,1.71,9.5,127.4,98.9
,Aleksej Pokusevski,Okc,C,19.88,10,14.7,30.7,19,19.8,6,0.667,23,0.435,27,0.259,0.41,0.427,4.5,4.2,14.2,1.1,11.8,0.6,0.3,1.3,7.5,81,99.4
,Jordan Poole,Gol,G,22.4,11,29.6,61.6,26.4,11.9,20,0.95,79,0.57,90,0.322,0.524,0.551,17.8,2.9,5.2,3.4,17.8,1.36,0.27,2.18,7.6,104.3,95.3
,Kevin Porter Jr.,Hou,G-F,21.52,11,31.7,66.1,23.7,25.3,38,0.684,69,0.42,62,0.306,0.439,0.477,12.8,4.1,6.8,5.2,25.5,1.27,0.36,4.55,8.2,87.2,104.3
,Michael Porter Jr.,Den,F,23.37,9,29.5,61.4,19.8,10.1,9,0.556,55,0.491,48,0.208,0.408,0.416,9.9,6.6,12.2,1.9,9.2,1.11,0.22,1.33,6.8,86.6,97.8
,Otto Porter Jr.,Gol,F,28.44,10,17,35.3,14.7,8.5,6,0.833,18,0.556,33,0.485,0.667,0.68,7.3,4.4,13.7,1.2,9.9,0.9,0.5,0.5,7.9,131.2,91.1
,Bobby Portis,Mil,F,26.75,7,24.5,51.1,25.3,10.8,11,0.727,59,0.424,27,0.37,0.465,0.484,12.6,7.4,15.7,1,6.6,0.86,1,1.57,7.4,100.3,100.2
,Kristaps Porzingis,Dal,F-C,26.28,6,27.2,56.7,27.9,8.7,22,0.818,54,0.444,31,0.29,0.441,0.491,15.5,7.5,14.3,1.3,8.4,0.67,1.33,1.5,7.8,101.4,99.3
,Dwight Powell,Dal,F-C,30.32,11,23.8,49.5,13.3,15.1,26,0.654,45,0.644,11,0.364,0.625,0.645,7.9,5,10.9,1,6.4,0.82,0.91,1.09,5.7,125.5,97.7
,Norman Powell,Por,G,28.47,10,28.7,59.7,22.3,4.7,39,0.821,72,0.542,53,0.472,0.612,0.651,18.5,2.7,5,1.6,8.8,0.9,0.6,0.7,6,130.3,109.4
,Joshua Primo,San,G,18.89,3,3,6.3,9.4,0,0,0,1,1,1,1,1.25,1.25,1.7,0.3,5.9,0.3,16.2,0,0,0,7.1,,
,Taurean Prince,Min,F,27.64,9,14,29.2,14.5,13.5,8,0.625,11,0.364,24,0.167,0.286,0.325,2.8,2.1,7.7,0.7,6.6,0.33,0,0.67,4.6,74.4,105.4
,Payton Pritchard,Bos,G,23.79,10,10.7,22.2,13.1,15.6,0,0,7,0.286,20,0.3,0.407,0.407,2.2,1.7,8.5,1.2,15.7,0,0.2,0.5,6.2,92,100.7
,Immanuel Quickley,Nyk,G,22.41,12,16.2,33.7,21.9,8.2,21,0.905,35,0.429,45,0.311,0.45,0.51,7.6,1.7,5.5,2.1,19.2,0.67,0,0.67,7.4,110.1,108.1
,Jahmi'us Ramsey,Sac,G,20.43,2,12.1,25.2,10.4,0,2,0,3,0.667,2,0.5,0.7,0.595,3.5,0,0,0,0,0,0.5,0,0,111.9,115.6
,Julius Randle,Nyk,F-C,26.95,12,35.9,74.8,28.4,12.9,65,0.8,141,0.461,73,0.37,0.493,0.542,21.9,10.5,15.5,5.2,23.7,0.67,1,3,11.8,110.5,104.7
,Austin Reaves,Lal,G,23.46,10,21.3,44.5,11.3,13.9,8,1,18,0.722,28,0.321,0.576,0.616,6.1,2,4.9,1,6.1,0.3,0.2,0.8,4.3,112.4,104.5
,Cam Reddish,Atl,F-G,22.2,12,23.1,48,24,12.9,27,0.889,69,0.435,54,0.389,0.5,0.545,12.3,2.7,6.2,0.8,5.5,1.25,0.08,1.67,5.2,102,110.2
,Paul Reed,Phi,F,22.41,10,10.8,22.4,13,9.7,0,0,26,0.615,2,0,0.571,0.571,3.2,3.1,15.8,0.6,8,0.9,0.7,0.3,6.7,129.9,92
,Naz Reid,Min,C-F,22.21,10,15.6,32.4,22.8,9.3,23,0.739,39,0.564,29,0.345,0.544,0.582,9.1,3.4,11.2,1,11.1,0.7,0.9,0.8,8,117.3,96.8
,Nick Richards,Cha,C,23.95,10,8.7,18.1,15.3,24.8,5,1,22,0.636,0,0,0.636,0.682,3.3,1.8,10.7,0.2,3.3,0.4,0.7,0.8,4.9,109.6,97.4
,Josh Richardson,Bos,G,28.16,9,23.6,49.2,15.4,10.7,9,0.778,35,0.543,28,0.357,0.54,0.56,8.3,2.7,6,1.2,7.9,0.78,0.56,0.89,5.1,109.7,103.3
,Austin Rivers,Den,G,29.28,9,12.5,25.9,13.4,17.7,2,0.5,15,0.333,12,0.167,0.296,0.305,1.9,1.1,4.9,0.8,8.1,0.33,0.11,0.67,3.8,69,100
,Duncan Robinson,Mia,F,27.56,12,29.5,61.5,16.6,7.3,8,0.625,14,0.429,109,0.312,0.463,0.47,9.9,4.4,8.1,1.4,6.7,0.67,0.5,0.83,5.3,98.2,95.9
,Jeremiah Robinson-Earl,Okc,F,21.02,10,16.8,35,13.9,18.3,4,0.5,21,0.619,22,0.409,0.616,0.614,5.5,3.7,11,0.4,3.9,0.3,0.3,1,4.8,108.1,104.8
,Justin Robinson,Mil,G,24.09,11,14.5,30.2,13.1,16.4,2,1,14,0.5,26,0.308,0.475,0.489,3.6,1.1,3.9,1.1,10.3,0.64,0,0.73,4.5,94.8,104.5
,Mitchell Robinson,Nyk,C-F,23.62,11,27,56.3,8.3,15.9,26,0.577,36,0.833,0,0,0.833,0.79,6.8,8.2,16.1,1.1,5.6,0.45,1.64,0.82,5.8,153,101.4
,Isaiah Roby,Okc,F,23.77,5,10.3,21.4,22.3,11.2,4,1,15,0.533,7,0.286,0.5,0.547,5.2,2.2,10.7,0.4,7,0,0.2,0.6,6.4,108.4,96.2
,Rajon Rondo,Lal,G,35.72,7,15.6,32.5,19.9,26.9,0,0,25,0.28,13,0.308,0.342,0.342,3.7,1.9,6.2,4.4,36.9,1,0.14,2,8,79.9,101.9
,Derrick Rose,Nyk,G,33.1,12,23.2,48.2,24.3,10.4,14,0.929,87,0.46,45,0.489,0.553,0.575,13.3,3,6.9,3.3,24.1,1.17,0.33,1.33,8.8,116.7,113.5
,Terrence Ross,Orl,G-F,30.77,12,25.6,53.2,17.8,11,29,0.759,53,0.509,47,0.277,0.465,0.51,9.6,1.9,4,1.8,11.4,0.58,0.25,1.17,5,101.2,112.7
,Terry Rozier,Cha,G,27.66,8,31.9,66.5,23.5,11.7,17,0.882,63,0.429,58,0.259,0.409,0.444,14.3,3.8,6.1,3.1,13.9,1.13,0.25,2.13,6.9,90.1,114.3
,Ricky Rubio,Cle,G,31.06,12,27.9,58.1,25.5,18.4,32,0.875,85,0.4,61,0.41,0.49,0.534,14.3,3.8,7.4,6.7,37.3,1.25,0.17,3,10.2,105.8,101.6
,D'Angelo Russell,Min,G,25.72,8,30.3,63.2,27.4,15.5,17,0.824,61,0.443,68,0.338,0.477,0.502,17.1,3.6,6.1,5.1,29.3,0.75,0.75,3.13,9,99.1,108
,Domantas Sabonis,Ind,F-C,25.53,13,36.1,75.2,21.6,18.3,49,0.714,131,0.672,39,0.231,0.597,0.621,18.3,11.2,17.1,3.8,16.6,1.46,0.38,3.31,10.2,114.8,98.3
,Tomas Satoransky,Nor,G,30.04,7,14.7,30.7,12.5,19.5,4,0.75,18,0.333,5,0.2,0.326,0.363,2.6,1.6,5.6,1.7,16.3,0.57,0,0.86,5.2,79.8,112.8
,Dennis Schroder,Bos,G,28.16,11,31.9,66.5,23.1,15.1,40,0.85,91,0.429,49,0.327,0.45,0.508,14.5,3.8,6.4,5.8,28.6,1.18,0.09,2.55,8.6,104.7,104.5
,Jay Scrubb,Lac,G,21.2,2,6.1,12.7,24.4,0,2,0.5,4,0.25,2,0.5,0.417,0.436,3,0.5,4.2,0,0,0,0,0,0,89.2,84.4
,Wayne Selden,Nyk,G,27.12,1,1,2.1,0,,0,0,0,0,0,0,,,0,0,0,0,0,0,0,0,0,,
,Alperen Sengun,Hou,C,19.3,10,19.3,40.2,23.1,24.4,42,0.667,50,0.48,12,0.417,0.508,0.565,9.1,4.4,12.1,2.4,19.8,1.7,0.5,2.6,9.5,99.5,90.3
,Collin Sexton,Cle,G,22.85,11,28.8,59.9,27.4,16.1,39,0.744,105,0.543,45,0.244,0.49,0.526,16,3.3,6.1,2.1,12.1,0.91,0,2.91,6.7,96.4,104.1
,Landry Shamet,Pho,G,24.67,9,16.9,35.3,16.5,6.9,12,0.833,14,0.5,35,0.4,0.571,0.608,7.3,2,6.3,1.2,9.6,0.11,0,0.44,6.1,120,106.5
,Day'Ron Sharpe,Bro,F,20.02,6,4,8.3,25.6,21.8,4,0.5,7,0.571,2,0.5,0.611,0.604,2.2,1.3,17.4,0,0,0.33,0.17,0.5,0,103.1,89.7
,Pascal Siakam,Tor,F,27.61,2,27.5,57.2,20.2,15.3,7,0.857,15,0.467,4,0.25,0.447,0.521,11.5,5.5,10.9,2,10.7,1.5,1,2,7.3,102.3,94.8
,Anfernee Simons,Por,G,22.43,12,22.9,47.8,21.6,7.2,7,1,58,0.534,68,0.382,0.556,0.569,12.3,2.3,5.4,2.1,14,0.5,0.08,0.83,6.8,115.3,109.9
,Jericho Sims,Nyk,C,23.06,5,5.1,10.6,5,34.7,2,0.5,1,1,0,0,1,0.798,0.6,1.2,12.5,0,0,0.2,0,0.2,0,93.1,102.6
,Marcus Smart,Bos,G,27.69,10,35.2,73.3,14.7,16,24,0.667,32,0.406,57,0.281,0.416,0.452,9,3.4,5.2,4.2,16.8,2.3,0.5,1.9,5.7,92.6,102.9
,Dennis Smith Jr.,Por,G,23.97,6,11.8,24.5,15.2,27.9,7,0.429,12,0.417,3,0.667,0.533,0.525,3.2,1.7,7.5,2.2,24.3,1.33,0.33,1.17,7.8,97.6,100.4
,Ish Smith,Cha,G,33.35,11,16.6,34.6,20.5,13.2,6,0.333,74,0.392,2,0.5,0.401,0.401,5.7,1.5,4.8,3.1,26.4,0.55,0.27,1.09,7.2,87.9,113.6
,Jalen Smith,Pho,F-C,21.66,2,9.2,19.1,21.9,10.7,3,1,6,0.5,1,0,0.429,0.541,4.5,3,17.5,0,0,0.5,0.5,0.5,0,110.9,96.3
,Tony Snell,Por,G,30.01,6,7.6,15.9,6.6,0,0,0,0,0,7,0.429,0.643,0.643,1.5,0.7,4.6,0.2,2.8,0.17,0,0,3.1,134.3,106.1
,Jaden Springer,Phi,G,19.13,1,2.1,4.4,0,,0,0,0,0,0,0,,,0,0,0,0,0,0,0,0,0,,
,Lamar Stevens,Cle,F,24.35,8,11.3,23.5,13.7,7,1,1,19,0.263,7,0.286,0.308,0.321,2.1,1.8,8.3,0.1,1.5,0.25,0.13,0.25,2.6,80.3,102.1
,Isaiah Stewart,Det,F-C,20.48,10,23,47.8,13.5,13.7,5,0.6,55,0.618,6,0.167,0.582,0.585,7.4,7.1,16.7,1.1,8.2,0.6,1.3,1,6.7,113.7,99.2
,Max Strus,Mia,G-F,25.62,7,17.2,35.9,16.2,8.8,3,0.333,8,0.5,32,0.344,0.513,0.508,6,2.9,8.9,0.7,5.9,0.43,0.14,0.57,5.4,100.7,102.5
,Jalen Suggs,Orl,G,20.44,12,28.4,59.2,26.3,20.2,43,0.837,84,0.381,63,0.206,0.35,0.419,11.6,3.3,6.2,3.6,20.2,0.75,0.42,3.5,7.3,81.5,105.2
,Jae'Sean Tate,Hou,F,26.04,11,27.8,58,18.3,16.4,30,0.733,71,0.577,28,0.286,0.535,0.57,11.6,6.8,13,2,11.6,0.73,0.64,2,7.8,109.1,100.2
,Jayson Tatum,Bos,F-G,23.7,11,37.2,77.5,31.4,9.2,53,0.755,159,0.421,85,0.329,0.447,0.483,23.5,8.7,12.5,3.6,17.4,1,0.73,2.45,9.7,97.8,99.8
,Garrett Temple,Nor,G-F,35.52,10,21.2,44.2,12.9,13.7,15,0.8,24,0.417,26,0.346,0.47,0.521,5.9,3.4,8.4,1.7,11.6,1.1,0.7,0.9,6.1,109.1,107.6
,Daniel Theis,Hou,F-C,29.61,9,23.5,49.1,14.7,9.4,15,0.8,40,0.625,21,0.333,0.582,0.614,9.2,4.9,11,0.7,4.5,0.44,0.56,0.78,5.4,120.3,102.2
,Cam Thomas,Bro,G,20.08,7,3.8,8,21.3,15.5,2,1,8,0.125,2,0,0.1,0.184,0.6,0.3,3.9,0.3,9.6,0,0.14,0.29,4,,
,Matt Thomas,Chi,G,27.27,3,1.9,3.9,15.7,0,0,0,2,0,0,0,0,0,0,0.3,9.6,0,0,0,0,0,0,,
,Tristan Thompson,Sac,C-F,30.67,7,12.6,26.3,15.5,18.7,7,0.714,23,0.565,0,0,0.565,0.594,4.4,4.3,17.9,0.6,6.4,0.14,0.29,0.86,7.1,119.6,99.6
,JT Thor,Cha,F,19.21,2,1,2.1,0,,0,0,0,0,0,0,,,0,0,0,0,0,0,0,0,0,,
,Matisse Thybulle,Phi,G-F,24.69,9,25,52,9.8,16.4,2,1,21,0.619,19,0.316,0.55,0.563,5.1,2.3,5.1,1.3,7,2.33,1.67,0.89,4,106.6,106.4
,Killian Tillie,Mem,F-C,23.69,3,7.1,14.9,15.6,12.5,0,0,3,0,4,0,0,0,0,1.7,12.4,0,0,1,0.67,0.33,0,27.8,107.3
,Xavier Tillman Sr.,Mem,F,22.83,8,14.8,30.9,12.8,13.8,5,0.6,20,0.65,9,0.111,0.5,0.513,4,3.3,11.6,1.1,10.3,1.63,0.13,0.63,6.6,108.5,108.5
,Isaiah Todd,Was,F,20.07,1,4.5,9.4,28.2,0,2,0.5,0,0,2,0.5,0.75,0.694,4,1,11.7,0,0,1,0,0,0,133.1,93.8
,Obi Toppin,Nyk,F,23.69,12,14.8,30.9,19.4,8.9,29,0.69,42,0.786,17,0.118,0.61,0.641,7.7,2.8,10.1,1.1,11.7,0.42,0.83,0.58,7.8,128.6,102.7
,Juan Toscano-Anderson,Gol,F,28.59,11,13.1,27.4,14.6,16.2,10,0.8,17,0.588,20,0.35,0.554,0.592,4.5,2,8.1,1.5,14.8,0.73,0.36,0.73,7.3,113.4,93
,Karl-Anthony Towns,Min,C-F,25.99,10,35.7,74.3,25.8,17.5,42,0.857,96,0.49,70,0.471,0.581,0.621,22.9,9.9,14.2,3.5,17.6,1.6,1.2,3.9,10.4,114.5,102.4
,Gary Trent Jr.,Tor,G-F,22.82,13,33.9,70.7,20.1,7.2,23,0.87,99,0.475,84,0.345,0.495,0.52,15.5,3.3,5.3,1.5,6.9,2.46,0.46,1.15,5,107.5,103.5
,P.J. Tucker,Mia,F,36.52,12,27.7,57.8,9.2,15.5,9,0.778,26,0.577,30,0.333,0.536,0.559,5.6,6,11.6,1.4,6.8,0.42,0.08,0.92,5.2,117.6,99.1
,Myles Turner,Ind,C-F,25.64,13,28.4,59.2,18.5,13.9,42,0.69,55,0.655,63,0.444,0.661,0.678,14.2,8.5,16.5,1.2,6.4,0.54,3.15,1.69,7.4,123,100.6
,Jonas Valanciunas,Nor,C,29.52,12,34,70.8,23.6,11.7,52,0.885,158,0.5,22,0.545,0.539,0.591,20,14,21.5,2.7,14.1,0.75,0.92,2.25,10.7,117.8,104
,Denzel Valentine,Cle,G,27.99,6,2.2,4.5,16.6,0,0,0,3,0.333,2,0.5,0.5,0.5,0.8,0.2,4.1,0,0,0.17,0,0,0,,
,Jarred Vanderbilt,Min,F,22.61,10,19.1,39.7,12.4,19.2,12,0.917,36,0.556,5,0,0.488,0.551,5.1,6,16.1,0.9,7,0.9,0.6,1.1,6.3,110.7,97.3
,Fred VanVleet,Tor,G,27.71,13,38.6,80.5,22.5,13.5,36,0.833,113,0.469,101,0.396,0.528,0.557,19.7,5,7,7.1,28.5,1.62,0.38,2.77,9.2,114.4,106
,Devin Vassell,San,G-F,21.22,11,25.8,53.8,18.7,7.2,12,0.667,58,0.517,53,0.377,0.541,0.55,11.6,4.2,8.5,1.7,9.2,1.27,0.64,0.82,6.8,107.8,99.1
,Gabe Vincent,Mia,G,25.41,10,8.9,18.6,13,22.3,2,1,9,0.778,11,0.091,0.425,0.455,1.9,0.8,4.8,1.7,25.7,0.2,0,0.6,6.2,101.9,98.2
,Nikola Vucevic,Chi,C,31.05,11,34.1,71.1,21.3,8.8,19,0.737,112,0.446,45,0.267,0.433,0.454,13.6,10.9,17.2,4.4,18.7,1.18,0.91,1.45,10.2,101.5,97.9
,Dean Wade,Cle,F-C,24.98,9,16,33.4,10.6,5.7,0,0,11,0.727,22,0.273,0.515,0.515,3.8,2.8,9.3,1,8.7,0.67,0,0.22,5.5,114.3,97.9
,Franz Wagner,Orl,F,20.21,12,31.8,66.2,18,8.2,16,0.75,81,0.531,58,0.362,0.536,0.551,13.4,3.8,6.4,2,10.7,1.5,0.5,1.08,5.9,111.5,107.3
,Moritz Wagner,Orl,F-C,24.55,11,11,23,20,12.5,14,0.5,12,0.5,31,0.355,0.523,0.529,4.7,2.5,12.3,0.5,6.7,0,0.18,0.64,6.6,98.1,95.2
,Lonnie Walker IV,San,G-F,22.91,11,23.9,49.9,22,11,18,0.833,51,0.49,63,0.349,0.509,0.537,11.9,2.9,6.4,2.6,15.1,0.73,0.36,1.36,7.5,102.8,104.9
,Kemba Walker,Nyk,G,31.52,11,25.7,53.6,19.7,11.8,12,0.75,44,0.386,63,0.429,0.537,0.552,11.3,2.7,5.6,3.1,18,1.18,0.27,1.36,7.1,108.8,111.1
,Brad Wanamaker,Ind,G,32.3,7,13.6,28.3,17.1,31.9,6,0.667,16,0.188,7,0.429,0.326,0.371,2.7,1.9,7.5,2.7,25.4,0,0.71,1.71,7.1,77.9,101.7
,Duane Washington Jr.,Ind,G,21.64,2,2.2,4.6,29.5,0,0,0,1,1,2,0.5,0.833,0.833,2.5,0.5,12.5,0,0,0,0,0,0,,
,P.J. Washington,Cha,F,23.22,7,21.1,44,19.3,13,14,0.786,32,0.531,22,0.364,0.537,0.573,9.9,4.6,11.2,1.4,9.7,0.71,1,1.29,7.6,111.5,111.3
,Russell Westbrook,Lal,G,33,12,36.3,75.6,29.5,20.8,55,0.655,169,0.456,50,0.28,0.447,0.477,19.3,9.1,13,8.9,37.2,1.5,0.25,5.33,12.8,94.8,99.6
,Derrick White,San,G,27.36,11,31.7,65.9,17.9,11.6,25,0.76,67,0.433,52,0.308,0.445,0.481,11.4,3.5,5.8,5.6,22.9,1.18,1,1.55,7.7,103.4,103.3
,Hassan Whiteside,Uta,C,32.42,12,16.6,34.5,18.5,17.6,21,0.714,61,0.59,0,0,0.59,0.619,7.3,7.8,25.5,0.3,3.1,0.25,1.42,1.25,6.2,117.8,84.5
,Joe Wieskamp,San,G-F,22.22,1,3.2,6.7,13.2,0,0,0,0,0,1,1,1.5,1.5,3,0,0,0,0,0,0,0,0,,
,Andrew Wiggins,Gol,F,26.72,11,29.4,61.2,24.2,9.8,35,0.829,93,0.548,57,0.351,0.54,0.577,17.4,4.3,7.7,1.5,7.7,0.91,0.27,1.64,6.6,110,99.8
,Robert Williams III,Bos,C-F,24.07,10,31.2,65,11.9,12.9,21,0.571,65,0.723,0,0,0.723,0.714,10.6,8.9,15.2,1.2,6,1.2,1.8,1.1,6.2,142.1,104.6
,Grant Williams,Bos,F,22.95,11,17.4,36.2,13.1,10.5,14,0.857,15,0.667,30,0.367,0.589,0.635,5.9,2.5,7.5,1,8.4,0.18,0.36,0.55,5.6,125,103.9
,Kenrich Williams,Okc,G-F,26.95,10,21.6,45,15.5,12.8,12,0.583,39,0.436,24,0.333,0.46,0.476,6.5,3.7,8.5,1.2,8.8,0.4,0.3,1,5.7,94.9,103.5
,Lou Williams,Atl,G,35.04,8,11.1,23.2,24.1,6,9,1,32,0.344,11,0.273,0.36,0.426,5,1.4,6.6,1.1,14.8,0.63,0.25,0.38,7.1,95.4,109
,Patrick Williams,Chi,F,20.21,5,24.9,52,9.4,7.5,4,1,17,0.588,6,0.5,0.63,0.666,6.6,2.2,4.7,0.6,3.2,0.6,0.4,0.4,3.3,127.2,102.6
,Ziaire Williams,Mem,F,20.17,9,18.4,38.3,15.9,12.7,2,1,14,0.357,40,0.325,0.454,0.465,5.7,1.4,4.2,0.6,4.1,0.78,0.44,0.89,3.7,90.4,110
,Dylan Windler,Cle,G-F,25.14,8,10.3,21.4,13.7,7.7,2,1,8,0.625,15,0.467,0.674,0.691,4.1,1.5,7.8,1,14.5,0.25,0,0.25,7.1,137.2,104.8
,Justise Winslow,Lac,F-G,25.63,10,8.4,17.4,21.1,29.4,2,0.5,23,0.435,5,0,0.357,0.364,2.1,2,12.3,0.8,13.4,0.4,0.4,1.2,7.1,66.4,92.9
,Christian Wood,Hou,F,26.13,11,33.8,70.4,22.4,10.5,51,0.529,99,0.515,57,0.386,0.538,0.546,17.7,11.5,18.1,2.3,11.6,0.91,0.82,1.91,9.2,107.3,100
,McKinley Wright IV,Min,G,23.05,1,4.1,8.5,20.1,50,0,0,0,0,1,1,1.5,1.5,3,0,0,0,0,0,0,1,0,70.5,123.2
,Delon Wright,Atl,G,29.55,10,11,23,13.4,17.4,8,0.875,16,0.438,9,0.111,0.34,0.421,2.4,2.4,11.6,2,23.6,0.5,0,0.6,8.2,107.3,112.4
,Thaddeus Young,San,F,33.39,8,17.7,36.8,18,20,7,0.429,43,0.674,2,0,0.644,0.634,7.6,4.4,13.1,3.5,28.3,1.13,0.88,1.5,11.1,121.6,98.8
,Trae Young,Atl,G,23.15,12,34.7,72.3,32.2,14.1,63,0.905,166,0.47,75,0.333,0.479,0.536,24,3.3,5,9.3,44.9,0.83,0.17,3.67,10.4,110.5,114
,Omer Yurtseven,Mia,C,23.4,8,3.3,7,24.1,6.7,2,0.5,13,0.615,0,0,0.615,0.612,2.1,1,16.1,0,0,0,0,0.13,0,,
,Cody Zeller,Por,F-C,29.1,12,15.1,31.4,15.1,17.3,31,0.71,35,0.629,4,0,0.564,0.627,5.5,5.3,18.8,0.9,8.3,0.42,0.17,0.92,7.9,128,94.8
,Ivica Zubac,Lac,C,24.66,11,24.3,50.6,14.5,8.9,45,0.711,62,0.661,0,0,0.661,0.697,10.4,7.5,15.8,1.3,7.7,0.45,0.82,0.73,7.7,143.2,96.2